ign,mouse,mouse_brand,sense,hz,dpi,edpi
s1mple,Logitech G Pro X Superlight Red,Logitech,3.09,1000.0,400.0,1236.0
NiKo,ZOWIE S2-C,ZOWIE,1.375,1000.0,400.0,550.0
m0NESY,Logitech G Pro X Superlight White,Logitech,2.0,1000.0,400.0,800.0
TenZ,Lamzu Atlantis,Lamzu,0.346,1000.0,800.0,276.79999999999995
b1t,Logitech G Pro X Superlight White,Logitech,1.42,1000.0,400.0,568.0
Twistzz,Logitech G Pro X Superlight Red,Logitech,1.7,1000.0,400.0,680.0
ZywOo,Razer Deathadder V3 Pro,Razer,2.0,1000.0,400.0,800.0
XANTARES,ZOWIE FK1-C,ZOWIE,2.0,1000.0,400.0,800.0
ropz,Razer Deathadder V3 Pro,Razer,1.77,4000.0,400.0,708.0
ScreaM,Razer Deathadder V3 Pro White,Razer,0.741,1000.0,400.0,296.4
dev1ce,Logitech G Pro X Superlight Magenta,Logitech,1.9,1000.0,400.0,760.0
yay,Logitech G Pro X Superlight,Logitech,0.27,1000.0,800.0,216.0
shroud,Logitech G303 Shroud Edition,Logitech,0.8,1000.0,400.0,320.0
kennyS,Razer Deathadder V2 Pro,Razer,2.2,1000.0,400.0,880.0000000000001
electronic,Razer Deathadder V3 Pro White,Razer,2.2,1000.0,400.0,880.0000000000001
L1NK,Logitech G Pro X Superlight Magenta,Logitech,0.3,1000.0,800.0,240.0
Mistic,VAXEE ZYGEN NP-01,VAXEE,0.58,1000.0,400.0,231.99999999999997
YEKINDAR,ZOWIE EC2-C,ZOWIE,1.2,1000.0,800.0,960.0
Aunkere,Logitech G703,Logitech,2.1,1000.0,500.0,1050.0
Enzo,Logitech G Pro X Superlight,Logitech,0.5,1000.0,800.0,400.0
Leo,Razer Deathadder V3 Pro,Razer,0.41,1000.0,400.0,164.0
b0i,Logitech G303 Shroud Edition,Logitech,0.455,1000.0,1600.0,728.0
Kyedae,FinalMouse Starlight-12,FinalMouse,0.4,1000.0,800.0,320.0
pAura,ZOWIE S2,ZOWIE,0.55,1000.0,400.0,220.00000000000003
d3ffo,VAXEE ZYGEN NP-01,VAXEE,0.51,1000.0,800.0,408.0
Alfajer,Razer Deathadder V3 Pro,Razer,0.45,1000.0,400.0,180.0
SirMaza,Logitech G Pro X Superlight,Logitech,0.5,1000.0,400.0,200.0
Mazino,Logitech G703,Logitech,0.22,1000.0,1600.0,352.0
sScary,Logitech G Pro X Superlight,Logitech,0.36,1000.0,800.0,288.0
Shao,Xtrfy M4 Wireless,Xtrfy,0.428,1000.0,400.0,171.2
Melser,Logitech G Pro X Superlight Magenta,Logitech,0.6,1000.0,400.0,240.0
Rogue,FinalMouse Starlight-12,FinalMouse,2.1,1000.0,400.0,840.0
Victor,Logitech G703,Logitech,0.283,1000.0,800.0,226.39999999999998
Marved,Razer Viper V2 Pro White,Razer,0.306,1000.0,800.0,244.79999999999998
phaze,Logitech G Pro X Superlight,Logitech,0.7,1000.0,400.0,280.0
trent,Razer Viper Mini,Razer,0.2,1000.0,1600.0,320.0
Suygetsu,ZOWIE EC2-C,ZOWIE,0.25,1000.0,800.0,200.0
foxz,Pulsar Xlite V2 Wireless,Pulsar,0.485,1000.0,800.0,388.0
lyr1c,Logitech G Pro X Superlight White,Logitech,0.65,1000.0,1600.0,1040.0
sushiboys,Logitech G Pro X Superlight Magenta,Logitech,0.37,1000.0,800.0,296.0
Crws,Logitech G Pro X Superlight,Logitech,0.15,1000.0,1600.0,240.0
Xdll,Logitech G Pro X Superlight,Logitech,0.285,1000.0,800.0,227.99999999999997
mwzera,Razer Deathadder V3 Pro,Razer,0.346,1000.0,800.0,276.79999999999995
Patiphan,Glorious Model O,Glorious,0.265,1000.0,800.0,212.0
Cryocells,Logitech G Pro X Superlight Magenta,Logitech,0.3,1000.0,800.0,240.0
Chronicle,Logitech G Pro X Superlight,Logitech,0.6,1000.0,400.0,240.0
BCJ,Glorious Model D- Wireless White,Glorious,0.37,1000.0,800.0,296.0
pANcada,VAXEE XE Pink,VAXEE,0.28,1000.0,800.0,224.00000000000003
C0M,Logitech G Pro X Superlight White,Logitech,0.3,1000.0,800.0,240.0
Nozwerr,Logitech G Pro X Superlight,Logitech,0.45,1000.0,800.0,360.0
Taxi2g,Razer Viper V2 Pro,Razer,1.3,1000.0,800.0,1040.0
Zander,Logitech G Pro X Superlight Magenta,Logitech,0.13,1000.0,1600.0,208.0
SugarZ3ro,Logitech G Pro X Superlight,Logitech,0.17,1000.0,800.0,136.0
Faide,Logitech G Pro X Superlight,Logitech,0.8,1000.0,1700.0,1360.0
NagZet,Razer Deathadder V3 Pro,Razer,0.58,1000.0,400.0,231.99999999999997
derrek,Logitech G Pro X Superlight,Logitech,0.375,1000.0,800.0,300.0
Laz,VAXEE ZYGEN NP-01S,VAXEE,0.355,1000.0,800.0,284.0
ethos,Logitech G303 Shroud Edition,Logitech,0.69,1000.0,400.0,276.0
Zyppan,Logitech G Pro X Superlight,Logitech,0.3,1000.0,800.0,240.0
nukkye,Logitech G Pro X Superlight White,Logitech,0.175,1000.0,1600.0,280.0
benjyfishy,Razer Viper V2 Pro,Razer,0.283,1000.0,800.0,226.39999999999998
dgzin,Razer Deathadder V3 Pro,Razer,0.35,1000.0,400.0,140.0
BuZz,ZOWIE S2,ZOWIE,0.57,1000.0,400.0,227.99999999999997
keznit,Logitech G703,Logitech,0.346,1000.0,800.0,276.79999999999995
aspas,Logitech G403 HERO,Logitech,0.4,1000.0,800.0,320.0
nAts,ZOWIE S2,ZOWIE,0.49,1000.0,800.0,392.0
iiTzTimmy,Logitech G Pro X Superlight,Logitech,1.1,1000.0,1800.0,1980.0000000000002
f0rsakeN,Logitech G Pro X Superlight,Logitech,0.652,1000.0,800.0,521.6
babybay,Logitech G Pro X Superlight Magenta,Logitech,0.244,1000.0,800.0,195.2
7ssk7,FinalMouse Starlight Pro,FinalMouse,0.24,1000.0,800.0,192.0
cauanzin,Logitech G Pro X Superlight Magenta,Logitech,0.28,1000.0,800.0,224.00000000000003
Jinggg,G-Wolves Hati S+ 4K,G-Wolves,0.188,4000.0,1600.0,300.8
d4v41,Logitech G Pro X Superlight,Logitech,0.46,1000.0,900.0,414.0
tuyz,Logitech G Pro X Superlight,Logitech,0.32,1000.0,800.0,256.0
Sacy,Logitech G Pro X Superlight White,Logitech,0.48,1000.0,800.0,384.0
Sayf,Logitech G Pro X Superlight,Logitech,0.5,1000.0,400.0,200.0
AslaN,Razer Deathadder V3 Pro,Razer,0.6,1000.0,400.0,240.0
Shyy,Razer Viper V2 Pro,Razer,0.32,1000.0,800.0,256.0
rhyme,Razer Deathadder V3 Pro,Razer,0.5,1000.0,400.0,200.0
keloqz,Razer Viper V2 Pro,Razer,0.44,1000.0,400.0,176.0
Meddo,Xtrfy M4,Xtrfy,0.18,1000.0,800.0,144.0
Asuna,Razer DeathAdder V2,Razer,0.272,1000.0,1400.0,380.8
dapr,Logitech G Pro X Superlight,Logitech,0.66,1000.0,400.0,264.0
bang,Logitech G Pro X Superlight,Logitech,0.32,1000.0,800.0,256.0
stellar,Logitech G Pro Wireless,Logitech,0.3,1000.0,800.0,240.0
soulcas,Razer Deathadder V3 Pro,Razer,0.44,1000.0,400.0,176.0
leaf,FinalMouse Starlight Pro,FinalMouse,0.23,1000.0,800.0,184.0
ImperialHal,Logitech G Pro X Superlight,Logitech,1.1,1000.0,800.0,880.0000000000001
Zekken,Logitech G Pro X Superlight,Logitech,0.175,1000.0,1600.0,280.0
Shanks,Logitech G703,Logitech,0.6,1000.0,400.0,240.0
koldamenta,Razer Deathadder V3 Pro White,Razer,0.3,1000.0,800.0,240.0
adverso,Logitech G Pro X Superlight White,Logitech,0.5,1000.0,400.0,200.0
Sheydos,Logitech G Pro X Superlight White,Logitech,0.81,1000.0,400.0,324.0
mimi,Logitech G Pro X Superlight Magenta,Logitech,0.365,1000.0,800.0,292.0
trexx,G-Wolves Hati-M,G-Wolves,0.226,1000.0,800.0,180.8
Viss,Logitech G Pro Wireless,Logitech,2.3,1000.0,400.0,919.9999999999999
chocoTaco,Logitech G703,Logitech,1.4,1000.0,800.0,1120.0
wippie,ZOWIE EC1,ZOWIE,1.572,1000.0,800.0,1257.6000000000001
Apryze,Finalmouse Ultralight 2,Finalmouse,1.0,1000.0,1600.0,1600.0
byali,Razer Deathadder V3 Pro,Razer,1.7,4000.0,400.0,680.0
honda,ZOWIE S2 Divina Blue,ZOWIE,1.2,1000.0,400.0,480.0
fox,ZOWIE S2 Divina Pink,ZOWIE,4.7,1000.0,400.0,1880.0
DD,ZOWIE S2 Divina Pink,ZOWIE,2.4,1000.0,400.0,960.0
adreN,Logitech G Pro Wireless,Logitech,2.25,1000.0,400.0,900.0
Kvem,Logitech G Pro X Superlight Magenta,Logitech,3.0,1000.0,400.0,1200.0
neaLaN,Razer Deathadder V3 Pro White,Razer,2.0,1000.0,400.0,800.0
tudsoN,Logitech G Pro Wireless,Logitech,2.0,1000.0,400.0,800.0
Lucky,SteelSeries Rival 300,SteelSeries,0.7,1000.0,1600.0,1120.0
LUCAS1,ZOWIE EC2-A White,ZOWIE,2.2,1000.0,400.0,880.0000000000001
xsepower,ZOWIE EC2-B Divina Blue,ZOWIE,2.2,500.0,400.0,880.0000000000001
Freeman,ZOWIE FK1,ZOWIE,2.2,1000.0,400.0,880.0000000000001
Walco,Logitech G Pro X Superlight,Logitech,1.55,1000.0,400.0,620.0
steel,SteelSeries Sensei Ten,SteelSeries,1.6,1000.0,400.0,640.0
JamYoung,ZOWIE EC2,ZOWIE,2.2,1000.0,400.0,880.0000000000001
MAJ3R,Logitech G Pro X Superlight,Logitech,1.8,1000.0,400.0,720.0
wiz,Logitech G Pro X Superlight,Logitech,1.2,1000.0,800.0,960.0
malta,ZOWIE EC2-B Divina Pink,ZOWIE,2.0,1000.0,400.0,800.0
tenzki,Razer Deathadder V3 Pro,Razer,1.8,1000.0,400.0,720.0
Nifty,Logitech G Pro X Superlight,Logitech,2.2,500.0,400.0,880.0000000000001
Maniac,Logitech G Pro X Superlight,Logitech,1.05,1000.0,800.0,840.0
stanislaw,Razer Viper Ultimate,Razer,2.5,1000.0,400.0,1000.0
JDC,Logitech G Pro X Superlight,Logitech,2.1,1000.0,400.0,840.0
Buzz,Logitech G Pro X Superlight,Logitech,0.42,1000.0,2300.0,966.0
meyern,ZOWIE EC1-B,ZOWIE,2.5,1000.0,400.0,1000.0
v1c7oR,Logitech G Pro X Superlight,Logitech,0.64,1000.0,800.0,512.0
h4rn,VAXEE ZYGEN NP-01,VAXEE,2.05,1000.0,400.0,819.9999999999999
REDSTAR,VAXEE ZYGEN NP-01S Glossy,VAXEE,2.0,1000.0,400.0,800.0
speed4k,ZOWIE EC2-A,ZOWIE,2.0,1000.0,400.0,800.0
allu,Logitech G Pro X Superlight,Logitech,3.0,1000.0,400.0,1200.0
aizy,ZOWIE S2 Divina Blue,ZOWIE,2.2,1000.0,400.0,880.0000000000001
denis,VAXEE ZYGEN NP-01,VAXEE,1.6,1000.0,400.0,640.0
XigN,SteelSeries Rival 110,SteelSeries,2.2,1000.0,400.0,880.0000000000001
balblna,ZOWIE EC1-A,ZOWIE,3.0,1000.0,400.0,1200.0
mds,Logitech G Pro X Superlight,Logitech,2.01,1000.0,400.0,803.9999999999999
Dosia,Logitech G Pro X Superlight,Logitech,2.8,1000.0,400.0,1120.0
mou,VAXEE ZYGEN NP-01,VAXEE,2.7,1000.0,400.0,1080.0
AdreN,Xtrfy M4,Xtrfy,1.1,1000.0,800.0,880.0000000000001
SANJI,Xtrfy M4,Xtrfy,1.22,1000.0,400.0,488.0
MODDII,ZOWIE EC1-A,ZOWIE,2.2,500.0,400.0,880.0000000000001
Bubzkji,Razer Deathadder V3 Pro,Razer,1.5,500.0,400.0,600.0
USTILO,Logitech G Pro X Superlight,Logitech,1.2,1000.0,800.0,960.0
Sonic,Glorious Model D,Glorious,2.5,1000.0,400.0,1000.0
kressy,ZOWIE S1,ZOWIE,1.1,1000.0,800.0,880.0000000000001
fl0m,SteelSeries Prime Wireless,SteelSeries,1.5,1000.0,800.0,1200.0
dennis,Razer Deathadder V3 Pro,Razer,2.0,1000.0,400.0,800.0
bondik,Razer Deathadder 2013,Razer,2.5,1000.0,1800.0,4500.0
sycrone,Razer Deathadder V3 Pro,Razer,1.8,1000.0,400.0,720.0
EspiranTo,Logitech G Pro X Superlight,Logitech,1.55,1000.0,400.0,620.0
NaToSaphiX,Logitech G Pro X Superlight,Logitech,1.0,1000.0,800.0,800.0
oBo,ZOWIE EC2-B Divina Blue,ZOWIE,2.2,1000.0,400.0,880.0000000000001
HS,ZOWIE FK2,ZOWIE,2.4,1000.0,400.0,960.0
Edward,Logitech G Pro X Superlight,Logitech,1.9,1000.0,400.0,760.0
Xizt,ZOWIE EC2-A,ZOWIE,3.0,1000.0,400.0,1200.0
MICHU,Razer Deathadder V3 Pro,Razer,0.47,1000.0,800.0,376.0
doto,Logitech G Pro X Superlight White,Logitech,0.72,1000.0,800.0,576.0
keiz,SteelSeries Prime Wireless,SteelSeries,1.8,1000.0,400.0,720.0
waterfaLLZ,ZOWIE EC2-A,ZOWIE,0.9,1000.0,1600.0,1440.0
Senoxe,Finalmouse Ultralight 2,Finalmouse,1.2,1000.0,800.0,960.0
kRYSTAL,Logitech MX518 HERO,Logitech,1.5,1000.0,800.0,1200.0
gAuLeS,Razer Viper Ultimate,Razer,2.2,1000.0,400.0,880.0000000000001
hutji,ZOWIE ZA12,ZOWIE,1.1,1000.0,800.0,880.0000000000001
bit,ZOWIE EC2-B,ZOWIE,2.3,1000.0,400.0,919.9999999999999
ISSAA,ZOWIE EC2,ZOWIE,2.8,1000.0,400.0,1120.0
kyxsan,Logitech G Pro X Superlight White,Logitech,2.4,1000.0,400.0,960.0
smooya,Razer DeathAdder Elite,Razer,1.8,1000.0,400.0,720.0
KrizzeN,ZOWIE EC2-A,ZOWIE,2.2,1000.0,400.0,880.0000000000001
emi,ZOWIE EC2-B Divina Blue,ZOWIE,1.77,1000.0,400.0,708.0
phr,VAXEE OUTSET AX,VAXEE,0.75,1000.0,800.0,600.0
morelz,Glorious Model O White,Glorious,0.71,1000.0,800.0,568.0
mouz,ZOWIE EC2-A,ZOWIE,1.7,1000.0,400.0,680.0
GruBy,Razer Viper Ultimate,Razer,1.7,1000.0,400.0,680.0
seized,VAXEE OUTSET AX,VAXEE,2.1,1000.0,400.0,840.0
GuardiaN,Logitech G Pro X Superlight,Logitech,1.5,1000.0,400.0,600.0
xertioN,ZOWIE EC1-C,ZOWIE,2.2,1000.0,400.0,880.0000000000001
kolor,ZOWIE S1,ZOWIE,1.1,1000.0,800.0,880.0000000000001
CRUC1AL,Logitech G Pro X Superlight,Logitech,2.5,500.0,400.0,1000.0
rallen,Logitech G Pro Wireless,Logitech,1.2,500.0,1800.0,2160.0
draken,Logitech G Pro X Superlight,Logitech,1.9,1000.0,400.0,760.0
w0nderful,Logitech G Pro X Superlight White,Logitech,3.09,1000.0,400.0,1236.0
nqz,Logitech G Pro X Superlight,Logitech,1.2,1000.0,800.0,960.0
Nertz,ZOWIE EC3-C,ZOWIE,2.9,1000.0,400.0,1160.0
clax,ZOWIE EC2-B,ZOWIE,2.2,1000.0,400.0,880.0000000000001
ztr,ZOWIE EC2-B,ZOWIE,1.75,1000.0,400.0,700.0
Lobanjica,ZOWIE EC1 Tyloo,ZOWIE,1.7,1000.0,800.0,1360.0
Pimp,SteelSeries Prime Wireless,SteelSeries,1.4,1000.0,800.0,1120.0
DemQQ,Logitech G403 HERO,Logitech,1.3,1000.0,800.0,1040.0
stfN,Glorious Model O White,Glorious,2.3,1000.0,400.0,919.9999999999999
SIXER,Razer Deathadder V3 Pro,Razer,2.3,1000.0,400.0,919.9999999999999
fitch,ZOWIE EC2-A,ZOWIE,1.5,1000.0,400.0,600.0
Almazer,Logitech G Pro X Superlight,Logitech,2.9,1000.0,400.0,1160.0
skywhywalker,Logitech G Pro X Superlight,Logitech,2.0,1000.0,1200.0,2400.0
HexT,Razer Deathadder V3 Pro White,Razer,1.4,1000.0,400.0,560.0
Nodios,ZOWIE EC1-A,ZOWIE,1.51,1000.0,400.0,604.0
Xand,Logitech G Pro X Superlight,Logitech,0.51,1000.0,800.0,408.0
LogaN,ZOWIE FK1,ZOWIE,0.534,1000.0,400.0,213.60000000000002
xms,Razer Viper V2 Pro,Razer,0.45,4000.0,800.0,360.0
s1n,Logitech G Pro X Superlight,Logitech,1.8,1000.0,400.0,720.0
Annihilation,Logitech G Pro X Superlight,Logitech,1.65,1000.0,400.0,660.0
fANDER,ZOWIE EC2,ZOWIE,1.4,1000.0,400.0,560.0
ngiN,Razer Deathadder V3 Pro,Razer,0.244,1000.0,800.0,195.2
Smithzz,Razer Deathadder V3 Pro,Razer,1.88,1000.0,400.0,752.0
DavCost,SteelSeries Rival 300,SteelSeries,1.1,1000.0,800.0,880.0000000000001
kinqie,Logitech G Pro Wireless,Logitech,1.25,1000.0,800.0,1000.0
motm,Razer Viper Ultimate,Razer,2.0,1000.0,400.0,800.0
svyat,Cooler Master MM530,Cooler,0.625,1000.0,1200.0,750.0
Jackinho,Logitech G Pro Wireless,Logitech,2.1,1000.0,400.0,840.0
kory,Logitech G Pro X Superlight,Logitech,1.5,1000.0,800.0,1200.0
1mpala,Xtrfy M42,Xtrfy,1.57,1000.0,1600.0,2512.0
jR,ZOWIE EC1-B,ZOWIE,1.0,1000.0,800.0,800.0
rAge,Xtrfy M4,Xtrfy,3.8,1000.0,400.0,1520.0
JUGi,Razer Deathadder V3 Pro,Razer,0.251,1000.0,700.0,175.7
Moose,Logitech G Pro X Superlight,Logitech,0.33,1000.0,800.0,264.0
Mercury,ZOWIE S2,ZOWIE,2.12,1000.0,400.0,848.0
Vexite,Razer Deathadder V3 Pro,Razer,1.0,1000.0,1200.0,1200.0
joel,Logitech G Pro X Superlight,Logitech,2.1,1000.0,400.0,840.0
erkaSt,ZOWIE EC3-C,ZOWIE,2.38,1000.0,400.0,952.0
somebody,SteelSeries Sensei Ten,SteelSeries,1.77,1000.0,400.0,708.0
Zeus,ZOWIE FK2,ZOWIE,0.43,1000.0,1600.0,688.0
RpK,ZOWIE S2 Divina Blue,ZOWIE,1.35,1000.0,400.0,540.0
RUBINO,VAXEE ZYGEN NP-01,VAXEE,0.62,1000.0,400.0,248.0
jL,Razer Viper Ultimate,Razer,1.1,1000.0,800.0,880.0000000000001
fear,Logitech G Pro X Superlight,Logitech,1.3,1000.0,400.0,520.0
Rock1nG,Logitech G Pro X Superlight White,Logitech,1.8,1000.0,400.0,720.0
TMB,ZOWIE EC3-C,ZOWIE,0.9,1000.0,800.0,720.0
S0TF1k,Logitech G Pro X Superlight,Logitech,0.95,1000.0,800.0,760.0
crush,ZOWIE EC2-B,ZOWIE,1.57,1000.0,400.0,628.0
kyuubii,Logitech G Pro X Superlight,Logitech,1.15,1000.0,800.0,919.9999999999999
Dimaoneshot,Logitech G Pro X Superlight White,Logitech,1.1,1000.0,800.0,880.0000000000001
devoduvek,ZOWIE EC2-B Divina Pink,ZOWIE,1.8,1000.0,400.0,720.0
blocker,ZOWIE EC2-C,ZOWIE,1.75,1000.0,400.0,700.0
MistR,Logitech G Pro X Superlight Magenta,Logitech,0.92,1000.0,600.0,552.0
CacaNito,Logitech G Pro X Superlight,Logitech,1.5,1000.0,400.0,600.0
matys,Logitech G Pro X Superlight,Logitech,0.9,1000.0,800.0,720.0
Soulfly,Logitech G Pro X Superlight,Logitech,1.3,1000.0,800.0,1040.0
skullz,Logitech G Pro Gaming Mouse,Logitech,0.7,1000.0,800.0,560.0
kst,ZOWIE EC1-A,ZOWIE,2.5,1000.0,400.0,1000.0
Kaze,Logitech G Pro X Superlight,Logitech,0.4,1000.0,1600.0,640.0
MartinezSa,Logitech G Pro X Superlight,Logitech,3.09,1000.0,400.0,1236.0
suNny,Logitech G Pro X Superlight White,Logitech,0.825,1000.0,800.0,660.0
sausol,VAXEE ZYGEN NP-01,VAXEE,1.2,1000.0,800.0,960.0
lux,VAXEE OUTSET AX,VAXEE,2.11,1000.0,400.0,844.0
ZOREE,Zowie S1 Divina Pink,Zowie,2.0,1000.0,400.0,800.0
Jeorge,Logitech G Pro X Superlight,Logitech,1.55,1000.0,800.0,1240.0
seangares,HyperX Pulsefire Haste,HyperX,0.315,1000.0,800.0,252.0
mertz,ZOWIE FK1,ZOWIE,2.4,1000.0,400.0,960.0
fostar,Logitech G Pro X Superlight,Logitech,1.34,1000.0,800.0,1072.0
DEVIL,SteelSeries Sensei RAW,SteelSeries,0.67,1000.0,810.0,542.7
NEO,VAXEE OUTSET AX Glossy,VAXEE,0.96,1000.0,800.0,768.0
TaZ,Razer Deathadder V3 Pro,Razer,1.55,1000.0,400.0,620.0
ChrisJ,Dream Machines DM2 Comfy,Dream,1.19,1000.0,800.0,952.0
togs,ZOWIE EC2-C,ZOWIE,1.51,1000.0,400.0,604.0
npl,Logitech G Pro X Superlight,Logitech,1.55,1000.0,800.0,1240.0
supra,Logitech G Pro X Superlight Magenta,Logitech,2.2,1000.0,400.0,880.0000000000001
innocent,Logitech G Pro X Superlight White,Logitech,0.9,500.0,800.0,720.0
Cooper,Logitech G Pro X Superlight,Logitech,1.0,1000.0,800.0,800.0
Lucaozy,Razer Deathadder V3 Pro,Razer,1.35,1000.0,400.0,540.0
jemi,Razer DeathAdder V2,Razer,1.4,1000.0,400.0,560.0
xccurate,Logitech G Pro X Superlight,Logitech,3.0,1000.0,400.0,1200.0
iDISBALANCE,Logitech G Pro X Superlight White,Logitech,1.35,1000.0,800.0,1080.0
FlipiN,Logitech G Pro X Superlight,Logitech,1.3,1000.0,800.0,1040.0
paz,Logitech G Pro X Superlight,Logitech,2.4,1000.0,400.0,960.0
freakazoid,Razer Deathadder V3 Pro,Razer,1.78,1000.0,400.0,712.0
z4kr,ZOWIE S2 Divina Pink,ZOWIE,2.2,1000.0,400.0,880.0000000000001
cromen,ZOWIE EC2-B Divina Blue,ZOWIE,0.85,1000.0,800.0,680.0
Golden,ZOWIE EC2-A,ZOWIE,1.6,1000.0,400.0,640.0
DeStiNy,Xtrfy M4,Xtrfy,2.0,1000.0,400.0,800.0
realzin,Logitech G Pro X Superlight,Logitech,2.25,500.0,400.0,900.0
shz,Razer Deathadder V3 Pro,Razer,1.25,1000.0,400.0,500.0
zevy,Logitech G Pro X Superlight,Logitech,1.6,1000.0,800.0,1280.0
Kristou,ZOWIE EC2-B,ZOWIE,2.0,1000.0,400.0,800.0
Queenix,ZOWIE EC2 RED V2,ZOWIE,2.2,1000.0,400.0,880.0000000000001
Jyo,VAXEE ZYGEN NP-01,VAXEE,1.5,1000.0,800.0,1200.0
zehN,Logitech G Pro Wireless,Logitech,1.5,1000.0,400.0,600.0
ramz1k,ZOWIE EC2-B,ZOWIE,2.9,1000.0,400.0,1160.0
Znorux,MSI Clutch GM41,MSI,2.0,1000.0,440.0,880.0
Radifaction,ZOWIE ZA11-B,ZOWIE,0.925,1000.0,800.0,740.0
TOAO,Razer Deathadder V3 Pro White,Razer,1.1,4000.0,800.0,880.0000000000001
jnt,Logitech G Pro X Superlight,Logitech,2.2,1000.0,400.0,880.0000000000001
danoco,ZOWIE EC2-A,ZOWIE,2.1,1000.0,400.0,840.0
daps,Logitech G Pro Wireless,Logitech,1.7,1000.0,400.0,680.0
sergej,Finalmouse Ultralight 2,Finalmouse,2.2,1000.0,400.0,880.0000000000001
facecrack,ZOWIE EC2-B Divina Blue,ZOWIE,1.725,1000.0,400.0,690.0
captainMo,ZOWIE EC2-B,ZOWIE,0.8,1000.0,800.0,640.0
yel,Logitech G Pro X Superlight,Logitech,1.3,1000.0,800.0,1040.0
k1to,Logitech G Pro X Superlight White,Logitech,1.2,1000.0,400.0,480.0
SHOOWTiME,ZOWIE ZA11-B,ZOWIE,1.9,1000.0,400.0,760.0
MarKE,ZOWIE EC3-C,ZOWIE,1.0,1000.0,800.0,800.0
Rickeh,Logitech MX518 HERO,Logitech,1.0,1000.0,800.0,800.0
t0rick,Logitech G Pro Wireless,Logitech,1.1,1000.0,800.0,880.0000000000001
ableJ,ZOWIE S2 Divina Pink,ZOWIE,0.9,1000.0,800.0,720.0
ScrunK,Zowie FK2-B,Zowie,1.05,1000.0,800.0,840.0
mir,Razer Deathadder V3 Pro,Razer,1.55,1000.0,400.0,620.0
AMANEK,Logitech G Pro X Superlight,Logitech,1.55,1000.0,800.0,1240.0
Krimbo,Logitech G Pro X Superlight,Logitech,1.9,1000.0,400.0,760.0
k0nfig,Razer Deathadder V3 Pro,Razer,2.2,1000.0,400.0,880.0000000000001
blameF,Logitech G Pro X Superlight Red,Logitech,1.51,1000.0,400.0,604.0
VINI,Logitech G Pro X Superlight,Logitech,0.4775,1000.0,1600.0,764.0
GeT_RiGhT,Logitech G Pro Wireless,Logitech,2.9,1000.0,400.0,1160.0
FalleN,Fallen Pantera Pro Wireless Preto,Fallen,1.39,1000.0,400.0,556.0
fer,VAXEE ZYGEN NP-01 White,VAXEE,2.3,1000.0,400.0,919.9999999999999
Stewie2k,Logitech G Pro X Superlight,Logitech,0.61,1000.0,400.0,244.0
Farlig,Razer Deathadder V3 Pro,Razer,2.14,4000.0,400.0,856.0
Chawzyyy,Logitech G Pro X Superlight,Logitech,0.68,1000.0,800.0,544.0
BOROS,Logitech G Pro X Superlight,Logitech,1.9,1000.0,400.0,760.0
HEN1,ZOWIE EC2 Tyloo,ZOWIE,3.8,1000.0,400.0,1520.0
es3tag,Logitech G Pro X Superlight,Logitech,1.4,1000.0,800.0,1120.0
REZ,Logitech G Pro X Superlight White,Logitech,2.3,1000.0,400.0,919.9999999999999
Brollan,ZOWIE EC2-C,ZOWIE,1.3,1000.0,800.0,1040.0
Jimpphat,Pulsar Xlite Wireless,Pulsar,1.5,1000.0,400.0,600.0
misutaaa,Razer Deathadder V3 Pro White,Razer,1.35,4000.0,400.0,540.0
Peppzor,ZOWIE EC2-C,ZOWIE,1.6,1000.0,400.0,640.0
apEX,ZOWIE EC1-A,ZOWIE,1.6,1000.0,400.0,640.0
Fessor,Razer Deathadder V3 Pro,Razer,1.5,4000.0,400.0,600.0
FURIOUSSS,Razer Deathadder V3 Pro,Razer,2.6,1000.0,400.0,1040.0
Maikelele,Logitech G Pro X Superlight,Logitech,2.2,1000.0,400.0,880.0000000000001
Boombl4,ZOWIE EC1,ZOWIE,1.45,1000.0,400.0,580.0
Perfecto,Logitech G Pro X Superlight White,Logitech,1.0,1000.0,800.0,800.0
regali,Razer Viper V2 Pro,Razer,3.0,1000.0,400.0,1200.0
RuStY,ZOWIE S2 Divina Pink,ZOWIE,1.7,1000.0,400.0,680.0
iM,Razer Deathadder V3 Pro,Razer,2.35,4000.0,400.0,940.0
poizon,Logitech G Pro X Superlight,Logitech,1.85,1000.0,400.0,740.0
Magisk,Razer Deathadder V3 Pro White,Razer,1.0,4000.0,800.0,800.0
dupreeh,ZOWIE FK2 RED V2,ZOWIE,1.7,1000.0,400.0,680.0
Zero,ZOWIE S1,ZOWIE,0.95,1000.0,800.0,760.0
tabseN,Logitech G Pro X Superlight White,Logitech,1.28,1000.0,400.0,512.0
refrezh,Logitech G Pro X Superlight,Logitech,1.9,1000.0,400.0,760.0
cadiaN,Logitech G Pro X Superlight,Logitech,2.4,1000.0,400.0,960.0
FaNg,Razer Deathadder V3 Pro,Razer,1.54,1000.0,400.0,616.0
JT,Razer Deathadder V3 Pro White,Razer,2.75,1000.0,400.0,1100.0
Grim,ZOWIE FK1-C,ZOWIE,0.72,1000.0,800.0,576.0
junior,Glorious Model D- Wireless White,Glorious,2.5,1000.0,400.0,1000.0
floppy,Logitech G Pro X Superlight White,Logitech,1.2,1000.0,800.0,960.0
Jerry,ZOWIE EC2-B Divina Blue,ZOWIE,3.0,1000.0,400.0,1200.0
stavn,ZOWIE EC2-A,ZOWIE,2.6,1000.0,400.0,1040.0
rigoN,Logitech G Pro X Superlight,Logitech,1.5,1000.0,400.0,600.0
SENER1,Logitech G Pro X Superlight White,Logitech,2.35,4000.0,400.0,940.0
Zyphon,ZOWIE EC2-B Divina Blue,ZOWIE,1.42,1000.0,400.0,568.0
jabbi,ZOWIE EC2 White V2,ZOWIE,0.9,1000.0,800.0,720.0
roeJ,Logitech G Pro X Superlight Magenta,Logitech,1.85,1000.0,400.0,740.0
nicoodoz,Logitech G Pro X Superlight White,Logitech,3.09,1000.0,400.0,1236.0
HooXi,Logitech G Pro X Superlight,Logitech,2.5,1000.0,400.0,1000.0
sjuush,Logitech G Pro X Superlight,Logitech,2.22,1000.0,400.0,888.0000000000001
TeSeS,Razer Deathadder V3 Pro White,Razer,1.1,1000.0,800.0,880.0000000000001
gxx,Razer Deathadder V3 Pro,Razer,2.0,4000.0,400.0,800.0
zorte,ZOWIE EC3-C,ZOWIE,1.15,1000.0,800.0,919.9999999999999
KENSI,Logitech G Pro X Superlight,Logitech,1.55,1000.0,400.0,620.0
Brehze,Logitech G Pro X Superlight White,Logitech,3.0,1000.0,400.0,1200.0
RUSH,Logitech G Pro X Superlight,Logitech,2.4,1000.0,400.0,960.0
interz,Logitech G Pro X Superlight,Logitech,1.0,1000.0,800.0,800.0
sh1ro,Logitech G Pro X Superlight White,Logitech,1.02,1000.0,800.0,816.0
HObbit,Logitech G Pro X Superlight Magenta,Logitech,1.1,1000.0,800.0,880.0000000000001
Xyp9x,Logitech G Pro X Superlight White,Logitech,1.0,500.0,800.0,800.0
gla1ve,Razer Deathadder V3 Pro,Razer,2.1,4000.0,400.0,840.0
mwlky,Logitech G Pro X Superlight Magenta,Logitech,2.3,1000.0,400.0,919.9999999999999
CeRq,ZOWIE EC2 RED V2,ZOWIE,2.2,1000.0,400.0,880.0000000000001
EliGE,Logitech G Pro X Superlight,Logitech,0.74,1000.0,1600.0,1184.0
XELLOW,Xtrfy M4 Wireless White,Xtrfy,2.0,1000.0,400.0,800.0
FinigaN,Logitech G Pro X Superlight White,Logitech,2.4,1000.0,400.0,960.0
NAF,Logitech G Pro X Superlight White,Logitech,1.6,1000.0,400.0,640.0
dav1d,ZOWIE EC2-C,ZOWIE,3.06,1000.0,400.0,1224.0
rox,VAXEE ZYGEN NP-01S Glossy,VAXEE,2.2,1000.0,800.0,1760.0000000000002
max,Logitech G403 HERO,Logitech,1.0,1000.0,800.0,800.0
shox,ZOWIE FK1+-C,ZOWIE,3.0,1000.0,400.0,1200.0
oSee,Razer Deathadder V3 Pro,Razer,0.85,1000.0,800.0,680.0
ultimate,Razer Viper Ultimate,Razer,2.1,1000.0,400.0,840.0
Jamppi,VAXEE OUTSET AX Yellow,VAXEE,0.42,1000.0,800.0,336.0
F1KU,Razer Deathadder V3 Pro White,Razer,1.7,1000.0,400.0,680.0
s1ren,Logitech G Pro X Superlight Magenta,Logitech,1.5,1000.0,800.0,1200.0
Furlan,Razer Deathadder V3 Pro,Razer,1.3,1000.0,800.0,1040.0
jedqr,ZOWIE ZA11-B,ZOWIE,1.5,1000.0,800.0,1200.0
Goofy,Razer Deathadder V3 Pro,Razer,0.8,1000.0,800.0,640.0
Sobol,Logitech G Pro X Superlight White,Logitech,1.7,1000.0,400.0,680.0
Marix,Pwnage Ultra Custom Wireless Ergo,Pwnage,1.0,1000.0,800.0,800.0
Staehr,Logitech G Pro Wireless,Logitech,1.2,1000.0,800.0,960.0
leman,ZOWIE S2 Divina Pink,ZOWIE,3.0,1000.0,400.0,1200.0
Grashog,Razer Viper Ultimate,Razer,1.5045,1000.0,800.0,1203.6
kRaSnaL,Razer Viper Ultimate,Razer,1.35,1000.0,400.0,540.0
Nivera,Razer Deathadder V3 Pro White,Razer,0.173,1000.0,800.0,138.39999999999998
vanity,Logitech G Pro X Superlight,Logitech,0.141,1000.0,1600.0,225.59999999999997
xeta,Logitech G Pro X Superlight,Logitech,0.58,1000.0,400.0,231.99999999999997
Aleksib,Logitech G Pro X Superlight,Logitech,1.05,1000.0,800.0,840.0
D0cC,Razer Deathadder V3 Pro,Razer,1.4,1000.0,400.0,560.0
slaxz,FinalMouse Starlight-12,FinalMouse,2.25,1000.0,400.0,900.0
Spiidi,Finalmouse Starlight-12 Phantom,Finalmouse,0.8,1000.0,800.0,640.0
raalz,ZOWIE EC1,ZOWIE,1.6,1000.0,400.0,640.0
fame,Logitech G Pro X Superlight,Logitech,1.1,1000.0,800.0,880.0000000000001
ardiis,Logitech G Pro X Superlight Magenta,Logitech,0.27,1000.0,800.0,216.0
Tacolilla,Logitech G Pro X Superlight,Logitech,0.2,1000.0,800.0,160.0
Less,Logitech G Pro X Superlight,Logitech,0.32,1000.0,800.0,256.0
Sayaplayer,Logitech G Pro Gaming Mouse,Logitech,0.339,1000.0,1000.0,339.0
SoOn,Logitech G305,Logitech,0.675,1000.0,800.0,540.0
dicey,ZOWIE ZA13-C,ZOWIE,0.135,1000.0,1600.0,216.0
aceu,FinalMouse Starlight Pro,FinalMouse,2.1,1000.0,800.0,1680.0
AvovA,Logitech G Pro X Superlight,Logitech,0.333,1000.0,800.0,266.40000000000003
sinatraa,Logitech G Pro X Superlight White,Logitech,0.387,1000.0,800.0,309.6
governor,FinalMouse Starlight Pro,FinalMouse,0.45,1000.0,1200.0,540.0
crashies,Logitech G Pro Wireless,Logitech,0.25,1000.0,800.0,200.0
Doma,Razer Deathadder V3 Pro,Razer,0.35,1000.0,800.0,280.0
KRYPTIX,Pulsar Xlite V2 Wireless,Pulsar,0.471,1000.0,400.0,188.39999999999998
mitch,Razer Deathadder V3 Pro,Razer,0.28,1000.0,800.0,224.00000000000003
Redgar,Logitech G Pro X Superlight White,Logitech,0.5,1000.0,800.0,400.0
cNed,ZOWIE ZA12,ZOWIE,0.32,1000.0,800.0,256.0
Zeek,Logitech G Pro X Superlight,Logitech,0.37,1000.0,800.0,296.0
Kiles,Logitech G Pro X Superlight,Logitech,0.431,1000.0,800.0,344.8
Rawkus,FinalMouse Starlight Pro,FinalMouse,0.4,1000.0,800.0,320.0
curry,Logitech G Pro X Superlight,Logitech,0.375,1000.0,800.0,300.0
FASHR,Logitech G Pro X Superlight Magenta,Logitech,1.0,1000.0,800.0,800.0
Recrent,Logitech G Pro X Superlight,Logitech,0.3,1000.0,800.0,240.0
Benkai,Pulsar X2,Pulsar,0.25,1000.0,800.0,200.0
mindfreak,VAXEE XE White,VAXEE,0.5,1000.0,400.0,200.0
TENNN,Logitech G Pro X Superlight,Logitech,0.28,1000.0,800.0,224.00000000000003
Dep,Logitech G Pro X Superlight,Logitech,0.214,1000.0,800.0,171.2
crow,Logitech G Pro X Superlight,Logitech,0.45,1000.0,800.0,360.0
ShadoW,Finalmouse Ultralight 2,Finalmouse,0.408,1000.0,400.0,163.2
Zest,Razer Deathadder V3 Pro,Razer,0.56,1000.0,400.0,224.00000000000003
MaKo,Razer Deathadder V3 Pro,Razer,0.45,1000.0,400.0,180.0
stax,Razer Deathadder V3 Pro,Razer,0.43,1000.0,400.0,172.0
valyn,Logitech G Pro X Superlight,Logitech,0.15,1000.0,1600.0,240.0
hoody,Logitech G403 HERO,Logitech,0.628,1000.0,400.0,251.2
neT,Razer Deathadder V3 Pro,Razer,0.44,1000.0,400.0,176.0
Kanpeki,Razer Viper V2 Pro,Razer,0.32,1000.0,800.0,256.0
Rb,Logitech G Pro X Superlight,Logitech,0.35,1000.0,800.0,280.0
effys,Logitech G Pro X Superlight,Logitech,0.45,1000.0,400.0,180.0
Lakia,ZOWIE EC3-C,ZOWIE,0.33,1000.0,800.0,264.0
Saadhak,Logitech G Pro X Superlight Magenta,Logitech,0.24,1000.0,800.0,192.0
sinnopsyy,Logitech G Pro X Superlight White,Logitech,3.25,1000.0,400.0,1300.0
juanflatroo,ZOWIE EC2-C,ZOWIE,2.3,1000.0,400.0,919.9999999999999
mhL,Razer Deathadder V3 Pro,Razer,2.7,1000.0,400.0,1080.0
siuhy,ZOWIE EC2 White,ZOWIE,2.6,1000.0,400.0,1040.0
szejn,ZOWIE EC2-B Divina Blue,ZOWIE,3.125,1000.0,400.0,1250.0
JOTA,Logitech G Pro X Superlight Magenta,Logitech,2.5,1000.0,800.0,2000.0
Tuurtle,ZOWIE EC2,ZOWIE,1.5,1000.0,400.0,600.0
shalfey,Logitech G Pro X Superlight,Logitech,2.2,1000.0,400.0,880.0000000000001
coldzera,Logitech G Pro X Superlight,Logitech,1.1,500.0,800.0,880.0000000000001
birdfromsky,Razer DeathAdder V2,Razer,0.95,1000.0,800.0,760.0
BnTeT,Logitech G Pro X Superlight White,Logitech,1.1,1000.0,810.0,891.0000000000001
WOOD7,Logitech G Pro X Superlight,Logitech,1.2,1000.0,800.0,960.0
brnz4n,Logitech G Pro X Superlight,Logitech,1.9,1000.0,400.0,760.0
rain,Logitech G Pro X Superlight,Logitech,1.65,1000.0,400.0,660.0
Python,Logitech G Pro X Superlight,Logitech,1.15,1000.0,400.0,459.99999999999994
autimatic,Logitech G Pro X Superlight White,Logitech,1.87,1000.0,400.0,748.0
nitr0,Logitech G Pro X Superlight,Logitech,1.8,500.0,400.0,720.0
tarik,Razer Deathadder V3 Pro,Razer,0.471,1000.0,800.0,376.79999999999995
JASONR,ZOWIE EC3-C,ZOWIE,0.32,1000.0,800.0,256.0
Relyks,Logitech G Pro Wireless,Logitech,0.79,1000.0,400.0,316.0
Drone,Logitech G Pro X Superlight,Logitech,0.34,1000.0,800.0,272.0
Cutler,Logitech G Pro X Superlight,Logitech,0.3,1000.0,800.0,240.0
Will,Logitech G Pro X Superlight,Logitech,0.4,1000.0,800.0,320.0
delz1k,Logitech G Pro X Superlight,Logitech,0.72,1000.0,400.0,288.0
nython,Logitech G Pro X Superlight,Logitech,1.2,1000.0,800.0,960.0
Wardell,Logitech G Pro X Superlight,Logitech,0.326,1000.0,800.0,260.8
headtr1ck,Logitech G Pro X Superlight White,Logitech,2.3,1000.0,400.0,919.9999999999999
dgt,Logitech G Pro X Superlight,Logitech,1.35,1000.0,400.0,540.0
karrigan,SteelSeries Prime Wireless,SteelSeries,1.6,1000.0,400.0,640.0
dephh,Razer Viper 8KHz,Razer,0.27,1000.0,800.0,216.0
broky,Logitech G Pro X Superlight Red,Logitech,1.9,1000.0,400.0,760.0
JACKZ,Logitech G Pro X Superlight,Logitech,1.661,1000.0,400.0,664.4
AZK,Logitech G Pro Wireless,Logitech,0.628,1000.0,400.0,251.2
Skadoodle,Logitech G Pro X Superlight,Logitech,0.6,1000.0,400.0,240.0
mixwell,Logitech G703,Logitech,0.69,1000.0,400.0,276.0
Ethan,Xtrfy M4 Wireless,Xtrfy,0.8,1000.0,400.0,320.0
Hiko,Razer Deathadder V3 Pro,Razer,0.36,1000.0,1600.0,576.0
huNter,Logitech G Pro X Superlight White,Logitech,2.17,1000.0,400.0,868.0
SicK,Logitech G900,Logitech,0.235,1000.0,800.0,188.0
ShahZaM,Logitech G703,Logitech,0.53,1000.0,400.0,212.0
FNS,Logitech G Pro Wireless,Logitech,0.55,1000.0,400.0,220.00000000000003
ANGE1,Logitech G Pro X Superlight White,Logitech,0.5,1000.0,800.0,400.0
Subroza,Logitech G Pro X Superlight,Logitech,0.277,1000.0,800.0,221.60000000000002
Zellsis,Logitech G Pro X Superlight,Logitech,0.215,1000.0,800.0,172.0
pyth,Logitech G Pro Wireless,Logitech,0.63,1000.0,400.0,252.0
brax,Logitech G Pro X Superlight,Logitech,0.55,1000.0,400.0,220.00000000000003
dimasick,Logitech G Pro X Superlight,Logitech,0.75,1000.0,400.0,300.0
vice,Logitech G Pro Wireless,Logitech,0.245,1000.0,800.0,196.0
lowel,Logitech G Pro X Superlight,Logitech,0.566,1000.0,400.0,226.39999999999998
s0m,Logitech G Pro X Superlight White,Logitech,0.8,1000.0,400.0,320.0
hazed,Logitech G Pro X Superlight,Logitech,0.35,1000.0,800.0,280.0
tiziaN,Razer Viper V2 Pro,Razer,1.7,1000.0,400.0,680.0
flusha,Logitech G703 White,Logitech,1.8,1000.0,400.0,720.0
Snax,ZOWIE FK2-C,ZOWIE,2.06,1000.0,400.0,824.0
PKL,Logitech G Pro Wireless,Logitech,2.2,125.0,400.0,880.0000000000001
cajunb,ZOWIE EC1,ZOWIE,2.2,1000.0,400.0,880.0000000000001
SLOWLY,ZOWIE EC3-C,ZOWIE,1.5,1000.0,400.0,600.0
KioShiMa,Logitech G Pro Wireless,Logitech,2.2,1000.0,400.0,880.0000000000001
mirbit,Logitech G Pro X Superlight,Logitech,0.9,1000.0,800.0,720.0
NickelBack,Logitech G Pro X Superlight,Logitech,0.8,1000.0,800.0,640.0
Lack1,Logitech G Pro X Superlight,Logitech,1.37,1000.0,400.0,548.0
Krad,VAXEE OUTSET AX Yellow,VAXEE,1.1,1000.0,800.0,880.0000000000001
latto,Logitech G Pro X Superlight,Logitech,2.0,1000.0,400.0,800.0
mezii,Logitech G Pro X Superlight White,Logitech,0.85,1000.0,800.0,680.0
b0RUP,ZOWIE EC2-A,ZOWIE,2.0,1000.0,400.0,800.0
MiGHTYMAX,Endgame Gear XM1 White,Endgame,1.6,1000.0,400.0,640.0
sterling,ZOWIE S2 Divina Pink,ZOWIE,2.2,1000.0,400.0,880.0000000000001
DANK1NG,Logitech G Pro X Superlight,Logitech,2.0,1000.0,400.0,800.0
Summer,ZOWIE EC2-B,ZOWIE,2.0,1000.0,400.0,800.0
Attacker,Zowie FK2-B,Zowie,2.3,1000.0,400.0,919.9999999999999
Rainwaker,Logitech G Pro X Superlight,Logitech,2.2,1000.0,400.0,880.0000000000001
Forester,Logitech G Pro X Superlight,Logitech,0.7,1000.0,800.0,560.0
El1an,VAXEE NP-01S Yellow,VAXEE,1.5,500.0,800.0,1200.0
LNZ,ZOWIE EC2,ZOWIE,1.7,1000.0,400.0,680.0
phzy,Logitech G Pro X Superlight,Logitech,1.75,1000.0,800.0,1400.0
boX,SteelSeries Sensei Ten,SteelSeries,1.58,1000.0,800.0,1264.0
Wolfy,ZOWIE FK1-B Divina Pink,ZOWIE,1.85,1000.0,400.0,740.0
alex,Razer Deathadder V3 Pro,Razer,1.7,1000.0,400.0,680.0
mopoz,ZOWIE FK1+,ZOWIE,1.0,1000.0,400.0,400.0
hAdji,Razer Deathadder V3 Pro,Razer,2.0,1000.0,400.0,800.0
dav1g,Logitech G Pro X Superlight,Logitech,2.2,1000.0,400.0,880.0000000000001
SunPayus,Logitech G Pro X Superlight,Logitech,1.9,1000.0,400.0,760.0
olofmeister,Logitech G Pro X Superlight,Logitech,1.8,1000.0,400.0,720.0
pashaBiceps,ZOWIE EC1-A,ZOWIE,1.4,500.0,400.0,560.0
felps,ZOWIE EC2-A,ZOWIE,2.0,1000.0,400.0,800.0
TACO,ZOWIE FK2,ZOWIE,1.5,1000.0,400.0,600.0
dumau,Logitech G Pro X Superlight White,Logitech,2.06,1000.0,400.0,824.0
b4rtiN,ZOWIE ZA12-B,ZOWIE,2.0,1000.0,400.0,800.0
anarkez,Logitech G Pro Wireless,Logitech,1.0,1000.0,2000.0,2000.0
shokz,ZOWIE EC2,ZOWIE,0.43,1000.0,1600.0,688.0
kreaz,ZOWIE FK1+-B,ZOWIE,2.0,1000.0,400.0,800.0
PlesseN,ZOWIE EC2-A,ZOWIE,3.0,1000.0,400.0,1200.0
n0thing,Logitech G100S Custom,Logitech,0.5,500.0,1600.0,800.0
bodyy,Razer Deathadder V3 Pro,Razer,1.67,1000.0,400.0,668.0
JW,Logitech G Pro X Superlight,Logitech,1.9,1000.0,400.0,760.0
gade,Logitech G Pro X Superlight,Logitech,2.2,1000.0,400.0,880.0000000000001
SZPERO,Razer Deathadder V3 Pro,Razer,0.9,1000.0,800.0,720.0
snatchie,Zowie S1 Divina Pink,Zowie,1.35,1000.0,400.0,540.0
xns,ZOWIE EC2-A White,ZOWIE,2.3,1000.0,400.0,919.9999999999999
prt,ZOWIE EC2,ZOWIE,2.0,1000.0,400.0,800.0
pesadelo,SteelSeries Prime Wireless,SteelSeries,3.09,1000.0,400.0,1236.0
Maluk3,SteelSeries Sensei Ten,SteelSeries,2.0,1000.0,400.0,800.0
trk,ZOWIE FK1-C,ZOWIE,2.2,1000.0,400.0,880.0000000000001
Kyojin,Razer Deathadder V3 Pro,Razer,2.0,1000.0,400.0,800.0
Keoz,VAXEE XE Pink,VAXEE,2.0,4000.0,400.0,800.0
nawwk,Logitech G Pro X Superlight,Logitech,3.09,1000.0,400.0,1236.0
STYKO,Razer Deathadder V3 Pro,Razer,1.4,1000.0,400.0,560.0
Kvik,Logitech G Pro X Superlight,Logitech,1.4,1000.0,400.0,560.0
jmqa,ZOWIE FK2-C,ZOWIE,1.35,1000.0,800.0,1080.0
sLowi,VAXEE OUTSET AX,VAXEE,3.2,1000.0,400.0,1280.0
ottoNd,Finalmouse Ultralight 2,Finalmouse,1.77,1000.0,400.0,708.0
xseveN,VAXEE ZYGEN NP-01S,VAXEE,0.9,1000.0,800.0,720.0
Aerial,ZOWIE EC2-A,ZOWIE,2.2,1000.0,400.0,880.0000000000001
Kjaerbye,Razer Deathadder V3 Pro White,Razer,1.6,1000.0,400.0,640.0
AcilioN,ZOWIE FK1+,ZOWIE,2.2,1000.0,400.0,880.0000000000001
jkaem,Razer Deathadder V3 Pro,Razer,1.6,1000.0,400.0,640.0
Maka,Razer Deathadder V3 Pro,Razer,2.0,1000.0,400.0,800.0
Woro2k,Razer Deathadder V3 Pro,Razer,2.03,4000.0,400.0,811.9999999999999
flamie,Razer Deathadder V3 Pro White,Razer,1.6,4000.0,400.0,640.0
lollipop21k,ZOWIE EC2,ZOWIE,1.21,1000.0,800.0,968.0
Jonji,Razer Deathadder V3 Pro,Razer,2.0,1000.0,400.0,800.0
lauNX,Logitech G Pro X Superlight,Logitech,1.5,1000.0,800.0,1200.0
HEAP,Razer Deathadder V3 Pro,Razer,1.45,1000.0,400.0,580.0
hallzerk,ZOWIE EC2 RED V2,ZOWIE,1.5,1000.0,400.0,600.0
f0rest,Xtrfy MZ1 Wireless,Xtrfy,3.5,1000.0,400.0,1400.0
friberg,VAXEE OUTSET AX,VAXEE,1.1,1000.0,800.0,880.0000000000001
n0rb3r7,Logitech G Pro X Superlight Magenta,Logitech,1.55,1000.0,800.0,1240.0
deko,ZOWIE S1-C,ZOWIE,2.81,1000.0,400.0,1124.0
leo_drk,ZOWIE EC2-A,ZOWIE,1.4,1000.0,400.0,560.0
ZEDKO,VAXEE OUTSET AX,VAXEE,0.49,1000.0,800.0,392.0
beastik,Xtrfy M4,Xtrfy,0.9,1000.0,500.0,450.0
NBK-,Xtrfy MZ1 White Rail,Xtrfy,1.2,1000.0,800.0,960.0
jks,Razer Deathadder V3 Pro,Razer,1.7,4000.0,400.0,680.0
sdy,Logitech G Pro X Superlight White,Logitech,1.0,1000.0,800.0,800.0
kNgV-,Logitech G Pro X Superlight White,Logitech,3.1,1000.0,400.0,1240.0
try,Logitech G Pro X Superlight Magenta,Logitech,2.909,1000.0,400.0,1163.6
malbsMd,ZOWIE FK1+-B,ZOWIE,2.0,1000.0,400.0,800.0
vsm,VAXEE OUTSET AX Funspark,VAXEE,1.2,1000.0,800.0,960.0
ALEX,Razer Deathadder V3 Pro,Razer,2.0,1000.0,400.0,800.0
NEKIZ,Razer Viper V2 Pro,Razer,2.6,1000.0,400.0,1040.0
maden,ZOWIE EC2-C,ZOWIE,2.0,1000.0,800.0,1600.0
Spinx,Logitech G Pro Wireless,Logitech,1.1,1000.0,900.0,990.0000000000001
hades,Razer Deathadder V3 Pro,Razer,2.25,1000.0,400.0,900.0
dycha,ZOWIE EC2 RED V2,ZOWIE,1.86,1000.0,400.0,744.0
Snappi,Logitech G Pro X Superlight White,Logitech,1.95,1000.0,400.0,780.0
MSL,Pulsar Xlite V2 Wireless,Pulsar,1.6,1000.0,400.0,640.0
Luken,Xtrfy M4 Wireless White,Xtrfy,1.6,1000.0,800.0,1280.0
sk0R,Logitech G Pro X Superlight White,Logitech,1.3,500.0,800.0,1040.0
Hatz,ZOWIE EC2,ZOWIE,1.0,1000.0,800.0,800.0
bLitz,Logitech G703,Logitech,1.9,1000.0,400.0,760.0
yuurih,ZOWIE EC2,ZOWIE,2.5,1000.0,400.0,1000.0
arT,Logitech G Pro X Superlight White,Logitech,1.8,1000.0,800.0,1440.0
boltz,Logitech G Pro X Superlight,Logitech,2.5,1000.0,400.0,1000.0
fnx,Razer Viper V2 Pro White,Razer,3.1,500.0,400.0,1240.0
nin9,Razer DeathAdder Elite,Razer,2.0,1000.0,400.0,800.0
kabal,Logitech G Pro X Superlight,Logitech,2.0,1000.0,400.0,800.0
Techno4K,ZOWIE EC2-A,ZOWIE,1.8,1000.0,400.0,720.0
saffee,Xtrfy M4 Wireless,Xtrfy,2.0,1000.0,400.0,800.0
drop,Logitech G Pro X Superlight Magenta,Logitech,1.8,1000.0,400.0,720.0
kscerato,Logitech G Pro X Superlight,Logitech,1.337,1000.0,800.0,1069.6
INS,Logitech G Pro X Superlight,Logitech,1.2,1000.0,800.0,960.0
aliStair,Logitech G Pro X Superlight Magenta,Logitech,1.9,1000.0,400.0,760.0
woxic,SteelSeries Sensei Ten,SteelSeries,1.5,1000.0,1620.0,2430.0
exit,Logitech G Pro X Superlight White,Logitech,1.0,1000.0,800.0,800.0
chelo,VAXEE OUTSET AX Yellow,VAXEE,3.5,1000.0,400.0,1400.0
hampus,Razer DeathAdder Elite,Razer,1.67,1000.0,400.0,668.0
Plopski,Razer Deathadder V3 Pro,Razer,1.5,500.0,800.0,1200.0
Ax1Le,ZOWIE EC2-C,ZOWIE,1.5,1000.0,800.0,1200.0
nafany,Razer Viper Ultimate,Razer,2.0,1000.0,400.0,800.0
Xeppaa,ZOWIE EC2-C,ZOWIE,0.35,1000.0,800.0,280.0
faveN,Logitech G Pro Wireless,Logitech,2.1,1000.0,400.0,840.0
Calyx,Logitech G Pro X Superlight,Logitech,1.3,1000.0,800.0,1040.0
xfl0ud,ZOWIE EC3-C,ZOWIE,2.0,1000.0,400.0,800.0
chopper,VAXEE NP-01S Pink,VAXEE,1.4,1000.0,400.0,560.0
Liazz,ZOWIE EC2-B,ZOWIE,0.95,500.0,800.0,760.0
Jame,Razer Deathadder V3 Pro White,Razer,0.25,4000.0,3200.0,800.0
Qikert,Logitech G Pro X Superlight,Logitech,2.2,1000.0,400.0,880.0000000000001
FL1T,Xtrfy M4 Wireless White,Xtrfy,1.55,1000.0,400.0,620.0
buster,ZOWIE ZA12-B,ZOWIE,2.2,1000.0,400.0,880.0000000000001
Patsi,Logitech G Pro X Superlight Magenta,Logitech,1.9,1000.0,400.0,760.0
degster,Razer Deathadder V3 Pro White,Razer,3.01,4000.0,400.0,1204.0
magixx,Logitech G Pro X Superlight White,Logitech,1.5,1000.0,400.0,600.0
syrsoN,Logitech G Pro X Superlight White,Logitech,0.92,1000.0,1600.0,1472.0
KRIMZ,Logitech G Pro X Superlight White,Logitech,1.4,1000.0,400.0,560.0
Valde,VAXEE XE Pink,VAXEE,1.65,1000.0,400.0,660.0
MUTiRiS,Razer Deathadder V3 Pro White,Razer,3.38,4000.0,400.0,1352.0
AZR,SteelSeries Sensei Ten,SteelSeries,2.4,1000.0,400.0,960.0
afro,Logitech G Pro X Superlight,Logitech,1.0,1000.0,800.0,800.0
Ex3rcice,Logitech G Pro X Superlight White,Logitech,2.0,1000.0,400.0,800.0
Djoko,Logitech G Pro X Superlight,Logitech,1.0,1000.0,800.0,800.0
DeathZz,Razer Deathadder V3 Pro,Razer,2.25,1000.0,400.0,900.0
bubble,ZOWIE EC2-A White,ZOWIE,1.75,1000.0,400.0,700.0
Gratisfaction,Logitech MX518 HERO,Logitech,1.1875,1000.0,800.0,950.0
SHiPZ,ZOWIE EC2-B Divina Pink,ZOWIE,2.4,1000.0,400.0,960.0
Bymas,Logitech G403 HERO,Logitech,1.3,1000.0,800.0,1040.0
frozen,Razer Deathadder V3 Pro,Razer,1.9,4000.0,400.0,760.0
torzsi,Razer Deathadder V3 Pro,Razer,1.0,4000.0,800.0,800.0
imoRR,Razer Deathadder V3 Pro White,Razer,2.2,1000.0,400.0,880.0000000000001
dexter,Razer Deathadder V3 Pro,Razer,0.65,4000.0,1600.0,1040.0
rmn,Razer Viper Ultimate,Razer,1.28,4000.0,800.0,1024.0
acoR,Logitech G Pro X Superlight,Logitech,1.97,1000.0,400.0,788.0
niko,Razer Deathadder V3 Pro,Razer,1.3,1000.0,400.0,520.0
biguzera,Razer Deathadder V3 Pro,Razer,1.75,1000.0,400.0,700.0
flameZ,VAXEE OUTSET AX Yellow,VAXEE,3.6,1000.0,400.0,1440.0
oskar,VAXEE OUTSET AX,VAXEE,3.5,1000.0,400.0,1400.0
nexa,ZOWIE EC2-C,ZOWIE,1.22,1000.0,800.0,976.0
mantuu,ZOWIE S2 Divina Blue,ZOWIE,2.1,1000.0,400.0,840.0
NEOFRAG,VAXEE OUTSET AX Yellow,VAXEE,1.45,1000.0,400.0,580.0
SHOCK,VAXEE OUTSET AX,VAXEE,1.17,1000.0,400.0,468.0
Lekr0,Logitech G Pro Wireless,Logitech,1.0,1000.0,800.0,800.0
twist,VAXEE ZYGEN NP-01,VAXEE,2.0,1000.0,400.0,800.0
stadodo,Logitech G Pro X Superlight,Logitech,2.4,1000.0,400.0,960.0
arki,VAXEE OUTSET AX,VAXEE,1.11,1000.0,800.0,888.0000000000001
JUST,VAXEE ZYGEN NP-01S,VAXEE,1.9,1000.0,400.0,760.0
hardzao,Logitech G Pro X Superlight,Logitech,2.0,1000.0,400.0,800.0
Dizzy,FinalMouse Starlight-12,FinalMouse,0.35,1000.0,800.0,280.0
shinobi,ZOWIE EC2-B Divina Blue,ZOWIE,0.65,1000.0,400.0,260.0
psalm,Logitech G Pro X Superlight,Logitech,0.955,1000.0,800.0,764.0
rpr,Finalmouse Ultralight 2,Finalmouse,1.2,1000.0,800.0,960.0
Nocturnal,Logitech G Pro X Superlight,Logitech,1.2,1000.0,800.0,960.0
LiNkzr,Logitech G Pro X Superlight,Logitech,1.5,1000.0,800.0,1200.0
ZmjjKK,VAXEE NP-01S Pink,VAXEE,0.28,1000.0,800.0,224.00000000000003
Yuki,Razer Viper V2 Pro,Razer,1.5,1000.0,800.0,1200.0
aproto,Razer Deathadder V3 Pro,Razer,0.31,1000.0,800.0,248.0
Klaus,Razer Viper V2 Pro,Razer,0.5,1000.0,800.0,400.0
Crylix,Logitech G Pro X Superlight,Logitech,1.1,1000.0,800.0,880.0000000000001
SEIDER,Logitech G Pro Wireless,Logitech,0.15,1000.0,1600.0,240.0
Russ,Logitech G Pro X Superlight,Logitech,0.38,1000.0,800.0,304.0
dooplex,Logitech G303 Shroud Edition,Logitech,1.5,1000.0,800.0,1200.0
Genburten,Razer Viper Ultimate,Razer,1.5,1000.0,800.0,1200.0
kiNgg,Logitech G Pro X Superlight,Logitech,0.27,1000.0,800.0,216.0
YukaF,Xtrfy M42,Xtrfy,1.2,1000.0,800.0,960.0
Lothar,Logitech G Pro Wireless,Logitech,0.2,1000.0,1600.0,320.0
SkittleCakes,Logitech G Pro Wireless,Logitech,2.7,1000.0,1600.0,4320.0
ErycTriceps,Logitech G Pro X Superlight White,Logitech,0.314,1000.0,400.0,125.6
DaZeD,Logitech G Pro Wireless,Logitech,0.55,1000.0,400.0,220.00000000000003
al0rante,Razer Viper V2 Pro,Razer,0.35,1000.0,400.0,140.0
Derke,Logitech G Pro X Superlight,Logitech,0.74,1000.0,400.0,296.0
Surf,Razer Deathadder V3 Pro,Razer,0.375,1000.0,800.0,300.0
BONECOLD,Razer Deathadder V3 Pro,Razer,0.27,1000.0,800.0,216.0
starxo,Logitech G Pro X Superlight,Logitech,0.48,1000.0,800.0,384.0
frttt,ZOWIE EC2,ZOWIE,0.755,1000.0,1600.0,1208.0
Davidp,Logitech G Pro Wireless,Logitech,0.58,1000.0,400.0,231.99999999999997
seb,Xtrfy M4 Miami Blue,Xtrfy,0.42,1000.0,400.0,168.0
zombs,Logitech G Pro X Superlight,Logitech,0.54,1000.0,400.0,216.0
Horcus,Razer Viper Ultimate,Razer,0.315,1000.0,800.0,252.0
ec1s,VAXEE ZYGEN NP-01,VAXEE,0.314,1000.0,800.0,251.2
Corey,Logitech G Pro X Superlight,Logitech,0.321,1000.0,800.0,256.8
ZachaREEE,FinalMouse Starlight-12,FinalMouse,0.52,1000.0,800.0,416.0
aimdll,ZOWIE S2 Divina Pink,ZOWIE,0.49,1000.0,400.0,196.0
paTiTek,Logitech G Pro X Superlight,Logitech,0.82,1000.0,400.0,328.0
JonahP,Razer Viper Ultimate,Razer,0.5,1000.0,400.0,200.0
Boaster,Logitech G Pro X Superlight White,Logitech,0.52,1000.0,400.0,208.0
Nadeshot,Logitech G Pro X Superlight,Logitech,0.2,1000.0,800.0,160.0
POACH,Logitech G Pro X Superlight,Logitech,0.28,1000.0,800.0,224.00000000000003
Thwifo,Logitech G Pro Wireless,Logitech,0.28,1000.0,800.0,224.00000000000003
Symfuhny,Finalmouse Starlight-12 Hades,Finalmouse,6.0,500.0,800.0,4800.0
Cloakzy,Razer Viper 8KHz,Razer,11.59,1000.0,400.0,4636.0
timthetatman,HyperX Pulsefire Haste,HyperX,3.93,1000.0,800.0,3144.0
Noko,Logitech G Pro X Superlight,Logitech,1.5,1000.0,800.0,1200.0
Hardecki,Logitech G Pro X Superlight,Logitech,1.2,1000.0,800.0,960.0
Flanker,Logitech G703,Logitech,1.3,1000.0,800.0,1040.0
Shiv,Logitech G Pro X Superlight,Logitech,3.0,1000.0,400.0,1200.0
Diegosaurs,Logitech G Pro X Superlight,Logitech,0.9,500.0,1600.0,1440.0
Sweet,Finalmouse Starlight-12 Hades,Finalmouse,1.2,1000.0,800.0,960.0
stormen,Logitech G Pro X Superlight,Logitech,1.2,1000.0,800.0,960.0
Mande,ZOWIE EC1,ZOWIE,1.5,1000.0,800.0,1200.0
HisWattson,Razer Viper Ultimate,Razer,2.4,1000.0,450.0,1080.0
Mendo,Logitech G Pro X Superlight White,Logitech,0.55,1000.0,450.0,247.50000000000003
Reps,Logitech G305,Logitech,1.8,1000.0,400.0,720.0
Albralelie,Logitech G Pro X Superlight,Logitech,1.8,1000.0,800.0,1440.0
HAL,Glorious Model D,Glorious,2.3,1000.0,800.0,1839.9999999999998
rocker,FinalMouse Starlight-12,FinalMouse,1.1,1000.0,800.0,880.0000000000001
nafen,FinalMouse Starlight-12,FinalMouse,1.8,1000.0,800.0,1440.0
Dropped,Logitech G Pro X Superlight,Logitech,2.0,1000.0,400.0,800.0
9impulse,Logitech G Pro X Superlight,Logitech,1.4,1000.0,1600.0,2240.0
Huskerrs,Logitech G Pro X Superlight,Logitech,3.6,1000.0,800.0,2880.0
DrDisRespect,ROCCAT Kain 200 Aimo,ROCCAT,5.25,1000.0,400.0,2100.0
Crust,Finalmouse Starlight-12 Hades,Finalmouse,2.3,1000.0,400.0,919.9999999999999
Hakis,Razer Viper V2 Pro,Razer,1.2,1000.0,1600.0,1920.0
Monsoon,Logitech G Pro Wireless,Logitech,0.8,1000.0,800.0,640.0
Zachmazer,Logitech G Pro X Superlight,Logitech,1.9,1000.0,400.0,760.0
