ign,mousepad,keyboard,headset,monitor,mousepad_brand,keyboard_brand,headset_brand,monitor_brand
1mpala,Xtrfy GP4 Street Blue,Ducky One 2,HyperX Cloud Alpha,ASUS ROG SWIFT PG259QN,Xtrfy,Ducky,HyperX,ASUS
4DRStorm,The Mousepad Company Strata Bold 03,SteelSeries Apex Pro TKL,beyerdynamic DT 990 Pro,Alienware AW2518H,The,SteelSeries,beyerdynamic,Alienware
4zr,SteelSeries QcK Heavy,SteelSeries Apex Pro TKL,HyperX Cloud II,ASUS ROG XG258Q,SteelSeries,SteelSeries,HyperX,ASUS
72hrs,Glorious 3XL,SteelSeries Apex Pro TKL,HyperX Cloud Earbuds,Alienware AW2518H,Glorious,SteelSeries,HyperX,Alienware
7ssk7,Artisan Ninja FX Zero XSoft,Wooting 60 HE,Logitech G Pro X Headset,ZOWIE XL2546,Artisan,Wooting,Logitech,ZOWIE
9impulse,Logitech G640,Logitech G Pro X Keyboard,Logitech G Pro X Headset,ZOWIE XL2546K,Logitech,Logitech,Logitech,ZOWIE
ALEX,ZOWIE G-SR,Razer BlackWidow Elite,Fnatic REACT,ZOWIE XL2546,ZOWIE,Razer,Fnatic,ZOWIE
AMANEK,Logitech G840,Logitech G413,Logitech G Pro X Headset,ZOWIE XL2546,Logitech,Logitech,Logitech,ZOWIE
ANGE1,Razer Goliathus Speed Cosmic,Wooting 60 HE,HyperX Cloud Revolver,ZOWIE XL2546,Razer,Wooting,HyperX,ZOWIE
ANS,ZOWIE G-SR,Razer Huntsman TE,unknown,unknown,ZOWIE,Razer,unknown,unknown
AZK,Logitech G640,Logitech G Pro X Keyboard,Logitech G Pro X Headset,ZOWIE XL2540,Logitech,Logitech,Logitech,ZOWIE
AZR,SteelSeries QcK Heavy,HyperX Alloy FPS,HyperX Cloud Revolver S,ZOWIE XL2546,SteelSeries,HyperX,HyperX,ZOWIE
AcilioN,ZOWIE G-SR-SE Dark Grey,Xtrfy K2 RGB White,Turtle Beach Elite Atlas Pro,ZOWIE XL2546,ZOWIE,Xtrfy,Turtle,ZOWIE
Ado,Artisan Ninja FX Zero XSoft,unknown,unknown,ASUS ROG SWIFT PG259QN,Artisan,unknown,unknown,ASUS
AdreN,SteelSeries QcK Heavy,Lenovo Legion K500,Lenovo Legion H500 Pro,ZOWIE XL2546,SteelSeries,Lenovo,Lenovo,ZOWIE
Aerial,Custom Mousepad,Logitech G513,Logitech G Pro X Headset,ASUS ROG SWIFT PG259QN,Custom,Logitech,Logitech,ASUS
Albralelie,Logitech G640 TSM Edition,Custom Keyboard,Logitech G Pro X Headset,Alienware AW2521H,Logitech,Custom,Logitech,Alienware
Aleksib,Logitech G640,Razer Huntsman V2,Razer BlackShark V2,ZOWIE XL2546,Logitech,Razer,Razer,ZOWIE
Alfajer,Zowie G-SR-SE Rouge,HyperX Alloy Origins Core,unknown,Alienware AW2521H,Zowie,HyperX,unknown,Alienware
Almazer,ZOWIE G-SR-SE Dark Grey,HyperX Alloy FPS,HyperX Cloud Alpha,ASUS ROG SWIFT PG259QN,ZOWIE,HyperX,HyperX,ASUS
Anamo,Logitech G640,Logitech G Pro Keyboard,Logitech G Pro Headset,HP OMEN 24.5″,Logitech,Logitech,Logitech,HP
Anas,SteelSeries QcK+,Corsair K65 TKL,HyperX Cloud II,Acer Predator XB252Q,SteelSeries,Corsair,HyperX,Acer
Andilex,SteelSeries QcK XXL,SteelSeries Apex Pro TKL,HyperX Cloud II,Alienware AW2518H,SteelSeries,SteelSeries,HyperX,Alienware
Animal,Glorious 3XL,Razer Huntsman TE,HyperX Cloud II,Alienware AW2518H,Glorious,Razer,HyperX,Alienware
Annihilation,SteelSeries QcK+,HyperX Alloy Origins,HyperX Cloud Alpha S,ZOWIE XL2546K,SteelSeries,HyperX,HyperX,ZOWIE
Apryze,ZOWIE G-SR-SE Divina Pink,Custom Keyboard,unknown,ASUS ROG SWIFT PG259QN,ZOWIE,Custom,unknown,ASUS
Architect,Logitech G640,Logitech G Pro Keyboard,Logitech G Pro X Headset,HP OMEN 24.5″,Logitech,Logitech,Logitech,HP
Arkhram,The Mousepad Company Strata Bold 03,SteelSeries Apex Pro TKL,JBL Quantum 100,Alienware AW2518H,The,SteelSeries,JBL,Alienware
AslaN,Corsair MM250,Corsair K65 TKL,Corsair HS80,ZOWIE XL2546K,Corsair,Corsair,Corsair,ZOWIE
Aspect,Logitech G640,Ducky One 2 TKL,Logitech G430,Alienware AW2518H,Logitech,Ducky,Logitech,Alienware
Assault,unknown,unknown,ASTRO A40,Alienware AW2518H,unknown,unknown,ASTRO,Alienware
Asuna,Artisan Ninja FX Zero Soft,Corsair K70 RGB,HyperX Cloud II,ZOWIE XL2546K,Artisan,Corsair,HyperX,ZOWIE
Attacker,ZOWIE G-SR,SteelSeries Apex Pro TKL,HyperX Cloud Flight,ZOWIE XL2546K,ZOWIE,SteelSeries,HyperX,ZOWIE
Aunkere,Logitech G640,Logitech G Pro X Keyboard,Logitech G Pro X Headset,ZOWIE XL2546 Divina Blue,Logitech,Logitech,Logitech,ZOWIE
AvovA,Logitech G640,Logitech G Pro X Keyboard,Logitech G Pro X Wireless Headset,ZOWIE XL2546,Logitech,Logitech,Logitech,ZOWIE
Avxry,unknown,Varmilo VA87M Summit,Apple EarPods,ASUS VG248QE,unknown,Varmilo,Apple,ASUS
Ax1Le,Razer Goliathus Control,HyperX Alloy Origins,HyperX Cloud II,ZOWIE XL2546K,Razer,HyperX,HyperX,ZOWIE
Aydan,unknown,unknown,ASTRO A40,Alienware AW2518H,unknown,unknown,ASTRO,Alienware
BCJ,Zowie G-SR-SE Rouge,Varmilo VA87M Summit,Sennheiser GAME ONE,ASUS ROG SWIFT PG279QM,Zowie,Varmilo,Sennheiser,ASUS
BONECOLD,VAXEE PA ZYGEN,Logitech G Pro X Keyboard,Sennheiser GAME ZERO,ZOWIE XL2540,VAXEE,Logitech,Sennheiser,ZOWIE
BOROS,SteelSeries QcK Heavy,SteelSeries Apex Pro,SteelSeries Arctis Pro,ZOWIE XL2540,SteelSeries,SteelSeries,SteelSeries,ZOWIE
Banjo,unknown,unknown,unknown,ZOWIE XL2546K,unknown,unknown,unknown,ZOWIE
Beaulo,Logitech G640,Logitech G Pro X Keyboard,Shure SE215,ZOWIE XL2546K,Logitech,Logitech,Shure,ZOWIE
Benkai,Artisan FX Hien Soft,Ducky One 2 Mini,EPOS H6PRO White,ZOWIE XL2546K,Artisan,Ducky,EPOS,ZOWIE
Bizzle,ZOWIE G-SR-SE Deep Blue,SteelSeries Apex Pro TKL,beyerdynamic DT 990 Pro,ZOWIE XL2546K,ZOWIE,SteelSeries,beyerdynamic,ZOWIE
BnTeT,SteelSeries QcK Heavy,SteelSeries Apex Pro,HyperX Cloud II,ZOWIE XL2546,SteelSeries,SteelSeries,HyperX,ZOWIE
Boaster,HyperX Fury S Pro,Fnatic miniSTREAK,Logitech G Pro X Headset,ZOWIE XL2546,HyperX,Fnatic,Logitech,ZOWIE
Boombl4,Logitech G640,Logitech G Pro X Keyboard,Logitech G Pro X Headset,ZOWIE XL2546,Logitech,Logitech,Logitech,ZOWIE
BreaK,unknown,Ducky One 2 SF,Audio-Technica ATH-R70X,ASUS ROG SWIFT PG279QM,unknown,Ducky,Audio-Technica,ASUS
Brehze,VAXEE PA Y22,Logitech G915 TKL,Razer BlackShark V2,ASUS ROG SWIFT PG259QN,VAXEE,Logitech,Razer,ASUS
Brollan,Razer Gigantus V2,Razer Huntsman V2,Razer BlackShark V2,ZOWIE XL2546K,Razer,Razer,Razer,ZOWIE
BuZz,X-raypad Aqua Control+,Razer Huntsman V2 TKL,Razer BlackShark V2 Pro,ZOWIE XL2546K,X-raypad,Razer,Razer,ZOWIE
Bubzkji,SteelSeries QcK Heavy,Xtrfy K2 RGB,Logitech G Pro X Headset,ZOWIE XL2546K,SteelSeries,Xtrfy,Logitech,ZOWIE
Bucke,Glorious 3XL,ROCCAT Vulcan TKL Pro,HyperX Cloud II,ASUS ROG SWIFT PG258Q,Glorious,ROCCAT,HyperX,ASUS
Bugha,SWIPE SP-FROST,SteelSeries Apex Pro TKL,HyperX Cloud Alpha,ASUS ROG SWIFT PG259QN,SWIPE,SteelSeries,HyperX,ASUS
Buzz,Logitech G640,Logitech G Pro X Keyboard,HyperX Cloud II,ZOWIE XL2546K,Logitech,Logitech,HyperX,ZOWIE
Bymas,Razer Goliathus Speed Cosmic,Razer Huntsman V2 TKL,Razer BlackShark V2,ZOWIE XL2546,Razer,Razer,Razer,ZOWIE
C0M,Gamesense RUSH,Anne Pro 2,HyperX Cloud II,ZOWIE XL2546,Gamesense,Anne,HyperX,ZOWIE
CRUC1AL,ZOWIE G-SR-SE,Corsair K63,HyperX Cloud Alpha,ZOWIE XL2546,ZOWIE,Corsair,HyperX,ZOWIE
CacaNito,Logitech G640,Logitech G513,HyperX Cloud II,ZOWIE XL2546K,Logitech,Logitech,HyperX,ZOWIE
Calc,Glorious 3XL,Razer BlackWidow V3 Mini,HyperX Cloud II,Acer Predator XB252Q,Glorious,Razer,HyperX,Acer
Calyx,VAXEE PA ZYGEN,Corsair K70 RGB,HyperX Cloud II,ZOWIE XL2546,VAXEE,Corsair,HyperX,ZOWIE
Carpe,Logitech G640,Custom Keyboard,Sennheiser GAME ZERO,ASUS ROG SWIFT PG258Q,Logitech,Custom,Sennheiser,ASUS
CeRq,ZOWIE G-SR,Logitech G915 TKL,Logitech G Pro X Wireless Headset,ZOWIE XL2540,ZOWIE,Logitech,Logitech,ZOWIE
Ceice,Artisan Ninja FX Zero Mid,SteelSeries Apex Pro TKL,Sennheiser GAME ONE,ZOWIE XL2546,Artisan,SteelSeries,Sennheiser,ZOWIE
Cented,ZOWIE G-SR-SE,Wooting 60 HE,HyperX Cloud II Wireless,Alienware AW2518H,ZOWIE,Wooting,HyperX,Alienware
Chap,Glorious XXL,Wooting One,Sennheiser HD800 S,Alienware AW2518H,Glorious,Wooting,Sennheiser,Alienware
Chapix,Logitech G840,Corsair K65 TKL,HyperX Cloud Flight,Acer Predator XB272,Logitech,Corsair,HyperX,Acer
Chawzyyy,SteelSeries QcK Heavy,Xtrfy K2 RGB,HyperX Cloud II,ZOWIE XL2540,SteelSeries,Xtrfy,HyperX,ZOWIE
ChrisJ,Razer Gigantus,Razer Blackwidow Chroma TE V2,Razer Kraken Pro V2,ZOWIE XL2546,Razer,Razer,Razer,ZOWIE
Chronicle,ZOWIE G-SR-SE Deep Blue,Anne Pro 2,Logitech G Pro X Wireless Headset,ASUS TUF VG279QM,ZOWIE,Anne,Logitech,ASUS
Cizzorz,SteelSeries QcK+,Razer Huntsman Elite,HyperX Cloud Alpha,Alienware AW2518H,SteelSeries,Razer,HyperX,Alienware
Clix,Matrix x Clix XXL Mousepad,Matrix x Clix Cotton Candy,beyerdynamic DT 990 Pro,Alienware AW2521H,Matrix,Matrix,beyerdynamic,Alienware
Cloakzy,SteelSeries QcK XXL,Razer Huntsman Mini,Razer BlackShark V2 Pro,ASUS ROG SWIFT PG258Q,SteelSeries,Razer,Razer,ASUS
Commandment,Logitech G640 TSM Edition,Logitech G Pro X Keyboard,Logitech G Pro X Headset,Alienware AW2518H,Logitech,Logitech,Logitech,Alienware
Cooper,HyperX Fury S Pro,Logitech G Pro Keyboard,HyperX Cloud II,ZOWIE XL2546,HyperX,Logitech,HyperX,ZOWIE
Corey,Logitech G640,Corsair K70 RGB,Logitech G Pro X Headset,HP OMEN 24.5″,Logitech,Corsair,Logitech,HP
CouRage,Logitech G840,Razer BlackWidow Chroma V2,Razer BlackShark V2,Samsung CRG5,Logitech,Razer,Razer,Samsung
Crust,Artisan Ninja FX Shidenkai XSoft,Ducky One 2 Mini Pure White,ASTRO A40,ZOWIE XL2540,Artisan,Ducky,ASTRO,ZOWIE
Crws,ZOWIE G-SR,Custom Keyboard,Razer BlackShark V2 Pro,ZOWIE XL2546K,ZOWIE,Custom,Razer,ZOWIE
Crylix,Artisan Ninja FX Zero XSoft,Ducky One 2 Mini,Shure SE215,ZOWIE XL2546K,Artisan,Ducky,Shure,ZOWIE
Cryocells,SWIPE SP-FROST,Ducky One 2 Mini,HyperX Cloud II,ZOWIE XL2546,SWIPE,Ducky,HyperX,ZOWIE
Cutler,Logitech G640,Logitech G Pro X Keyboard,Logitech G Pro X Headset,ZOWIE XL2546,Logitech,Logitech,Logitech,ZOWIE
D0cC,VAXEE PA ZYGEN,Razer Huntsman V2 TKL,HyperX Cloud II Gun Metal,ZOWIE XL2546,VAXEE,Razer,HyperX,ZOWIE
DANK1NG,ZOWIE G-SR-SE TyLoo Edition,SteelSeries Apex Pro,HyperX Cloud Flight,ZOWIE XL2546K,ZOWIE,SteelSeries,HyperX,ZOWIE
DD,ZOWIE G-SR,unknown,unknown,ZOWIE XL2546,ZOWIE,unknown,unknown,ZOWIE
DEVIL,ZOWIE G-SR,Xtrfy K2 RGB,HyperX Cloud II,ZOWIE XL2546K,ZOWIE,Xtrfy,HyperX,ZOWIE
DaZeD,HyperX Fury S Pro XL,Razer Blackwidow TE,Sennheiser HD 600,ZOWIE XL2540,HyperX,Razer,Sennheiser,ZOWIE
Daequan,Logitech G840,Logitech G613,ASTRO A50,LG 24GM79G-B,Logitech,Logitech,ASTRO,LG
Daffu,unknown,unknown,unknown,ZOWIE XL2546K,unknown,unknown,unknown,ZOWIE
Dakotaz,Logitech G640 TSM Edition,Logitech G Pro Keyboard,ASTRO A50,ASUS ROG SWIFT PG258Q,Logitech,Logitech,ASTRO,ASUS
Danteh,Logitech G640,Logitech G Pro Keyboard,Turtle Beach Elite Atlas Pro,HP OMEN 24.5″,Logitech,Logitech,Turtle,HP
DavCost,SteelSeries QcK Heavy,ZOWIE Celeritas II,HyperX Cloud II,ZOWIE XL2546,SteelSeries,ZOWIE,HyperX,ZOWIE
Davidp,Logitech G640,Logitech G Pro X Keyboard,HyperX Cloud II,ZOWIE XL2546,Logitech,Logitech,HyperX,ZOWIE
DeStiNy,HyperX Fury S Pro,Razer BlackWidow X Chroma Mercury,HyperX Cloud Alpha,ZOWIE XL2546,HyperX,Razer,HyperX,ZOWIE
DeathZz,Razer Gigantus V2,Logitech G915 TKL,Logitech G Pro X Headset,ZOWIE XL2546K,Razer,Logitech,Logitech,ZOWIE
DemQQ,ZOWIE G-SR-SE Deep Blue,HyperX Alloy FPS,Logitech G Pro X Headset,ZOWIE XL2546,ZOWIE,HyperX,Logitech,ZOWIE
Dep,Zowie G-SR-SE Rouge,Corsair K100 RGB,Logitech G Pro X Headset,ZOWIE XL2546K,Zowie,Corsair,Logitech,ZOWIE
Derke,Logitech G640,Fnatic STREAK65,Logitech G Pro X Headset,ZOWIE XL2540,Logitech,Fnatic,Logitech,ZOWIE
Deyy,Razer Gigantus V2,Razer BlackWidow V3 Mini,Razer BlackShark V2,Alienware AW2518H,Razer,Razer,Razer,Alienware
DiegoGB,Glorious XXL,SteelSeries Apex Pro TKL,Logitech G Pro X Headset,Alienware AW2518H,Glorious,SteelSeries,Logitech,Alienware
Diegosaurs,Logitech G640 TSM Edition,Logitech G Pro X Keyboard,Logitech G Pro X Headset,ViewSonic XG2560,Logitech,Logitech,Logitech,ViewSonic
Dimaoneshot,VAXEE PA FunSpark,Xtrfy K2 RGB,Sennheiser GSP 600,ZOWIE XL2546K,VAXEE,Xtrfy,Sennheiser,ZOWIE
Dizzy,ZOWIE G-SR-SE Deep Blue,SteelSeries Apex Pro TKL,Apple EarPods,ZOWIE XL2546,ZOWIE,SteelSeries,Apple,ZOWIE
Djoko,SteelSeries QcK Heavy,Xtrfy K2 RGB,HyperX Cloud II,ZOWIE XL2546K,SteelSeries,Xtrfy,HyperX,ZOWIE
Doma,VAXEE PA OUTSET,Razer BlackWidow V3 Pro,Logitech G Pro X Headset,ZOWIE XL2546,VAXEE,Razer,Logitech,ZOWIE
Dosia,SteelSeries QcK Heavy,HyperX Alloy FPS RGB,Logitech G Pro X Headset,ZOWIE XL2540,SteelSeries,HyperX,Logitech,ZOWIE
DrDisRespect,Roccat Sense AIMO,ROCCAT Vulcan TKL Pro,Turtle Beach Atlas Aero,ZOWIE XL2546K,Roccat,ROCCAT,Turtle,ZOWIE
DrLupo,Logitech G PowerPlay,Logitech G Pro Keyboard,Logitech G Pro X Headset,ASUS ROG SWIFT PG279QM,Logitech,Logitech,Logitech,ASUS
Drakonz,Artisan Ninja FX Zero Soft,SteelSeries Apex Pro TKL,HyperX Cloud Alpha,ZOWIE XL2546,Artisan,SteelSeries,HyperX,ZOWIE
Drone,Logitech G640,Logitech G Pro X Keyboard,Logitech G Pro X Headset,ZOWIE XL2540,Logitech,Logitech,Logitech,ZOWIE
Dropped,Logitech G640,HyperX Alloy FPS Pro,HyperX Cloud II,ZOWIE XL2546K,Logitech,HyperX,HyperX,ZOWIE
Dubs,Glorious 3XL,SteelSeries Apex Pro TKL,Victrix Pro AF,Alienware AW2518H,Glorious,SteelSeries,Victrix,Alienware
EFFECT,Mionix Sargas,Logitech G Pro X Keyboard,Logitech G Pro X Headset,ASUS ROG SWIFT PG258Q,Mionix,Logitech,Logitech,ASUS
Edgey,ZOWIE G-SR-SE,ROCCAT Vulcan TKL Pro,beyerdynamic DT 990 Pro,ZOWIE XL2546K,ZOWIE,ROCCAT,beyerdynamic,ZOWIE
Edward,SteelSeries QcK Heavy,HyperX Alloy FPS RGB,HyperX Cloud Flight,ZOWIE XL2540,SteelSeries,HyperX,HyperX,ZOWIE
El1an,VAXEE PB,Logitech G915 TKL,Sennheiser GSP 600,ZOWIE XL2546K,VAXEE,Logitech,Sennheiser,ZOWIE
EliGE,Lethal Gaming Gear Saturn,Glorious GMMK Pro,beyerdynamic DT 770 Pro,Alienware AW2521H,Lethal,Glorious,beyerdynamic,Alienware
Emad,Logitech G640 TSM Edition,Logitech G Pro X Keyboard,Logitech G Pro X Headset,Alienware AW2518H,Logitech,Logitech,Logitech,Alienware
Endretta,ZOWIE G-SR-SE Divina Blue,SteelSeries Apex Pro TKL,SteelSeries Arctis Pro,Alienware AW2518H,ZOWIE,SteelSeries,SteelSeries,Alienware
Enzo,VAXEE PA Black,Razer Huntsman V2,HyperX Cloud II Gun Metal,ZOWIE XL2546,VAXEE,Razer,HyperX,ZOWIE
EpikWhale,The Mousepad Company Ichiba,SteelSeries Apex Pro Mini,Logitech G Pro X Wireless Headset,Alienware AW2518H,The,SteelSeries,Logitech,Alienware
ErycTriceps,Artisan FX Hien Soft,Custom Keyboard,Sennheiser HD 660S,unknown,Artisan,Custom,Sennheiser,unknown
EspiranTo,Logitech G640,Logitech G Pro X Keyboard,Xtrfy H1,ZOWIE XL2540,Logitech,Logitech,Xtrfy,ZOWIE
Ethan,Razer Gigantus,Razer Blackwidow Lite,HyperX Cloud II,ZOWIE XL2540,Razer,Razer,HyperX,ZOWIE
Ex3rcice,Logitech G640,Logitech G513,beyerdynamic MMX 300,ZOWIE XL2546K,Logitech,Logitech,beyerdynamic,ZOWIE
F1KU,Razer Gigantus V2,Razer Huntsman V2 TKL,Razer BlackShark V2,ZOWIE XL2546K,Razer,Razer,Razer,ZOWIE
FASHR,unknown,HyperX Alloy Elite 2,Sennheiser GSP 600,ZOWIE XL2546K,unknown,HyperX,Sennheiser,ZOWIE
FL1T,VAXEE PB,Logitech G915 TKL White,HyperX Cloud II Gun Metal,ZOWIE XL2546K,VAXEE,Logitech,HyperX,ZOWIE
FNS,Artisan Ninja FX Zero Soft,Razer BlackWidow V3 Pro,Razer BlackShark V2,ZOWIE XL2546,Artisan,Razer,Razer,ZOWIE
FURIOUSSS,ZOWIE G-SR,SteelSeries Apex Pro TKL,HyperX Cloud II,ZOWIE XL2546,ZOWIE,SteelSeries,HyperX,ZOWIE
FaNg,Artisan Ninja FX Zero Soft,Razer Huntsman V2 TKL,Sennheiser GSP 600,ZOWIE XL2546K,Artisan,Razer,Sennheiser,ZOWIE
Faide,Logitech G640,Logitech G915 TKL,HyperX Cloud II,ASUS TUF VG259QM,Logitech,Logitech,HyperX,ASUS
FalleN,Fallen Fade,Fallen Ace,Fallen Morcego Vermelho,ZOWIE XL2546K,Fallen,Fallen,Fallen,ZOWIE
Farlig,ZOWIE G-SR-SE,Logitech G Pro X Keyboard,Logitech G Pro X Headset,ZOWIE XL2546,ZOWIE,Logitech,Logitech,ZOWIE
Fate,Razer Gigantus,Razer Blackwidow Chroma TE V2,Sennheiser GAME ZERO,HP OMEN 24.5″,Razer,Razer,Sennheiser,HP
Fessor,Razer Goliathus Speed Cosmic,Logitech G Pro X Keyboard,HyperX Cloud II,ZOWIE XL2546K,Razer,Logitech,HyperX,ZOWIE
FinigaN,Razer Goliathus Speed Cosmic,Logitech G915 TKL White,Logitech G Pro X Headset,ZOWIE XL2546K,Razer,Logitech,Logitech,ZOWIE
Flanker,Glorious 3XL,Corsair K65 TKL,HyperX Cloud II,ASUS VG248QE,Glorious,Corsair,HyperX,ASUS
Fleta,Artisan FX Hien Soft,Razer Blackwidow Chroma TE V2,Sennheiser GAME ONE,HP OMEN 24.5″,Artisan,Razer,Sennheiser,HP
Flikk,ZOWIE G-SR-SE,Razer Huntsman TE,HyperX Cloud II,ZOWIE XL2546,ZOWIE,Razer,HyperX,ZOWIE
FlipiN,AIM Gaming Alfombrilla,Logitech G Pro X Keyboard,AIM Gaming Auriculares,MSI OPTIX MAG251RX,AIM,Logitech,AIM,MSI
Forester,HyperX Fury S Speed Edition,Logitech G Pro X Keyboard,Logitech G Pro X Headset,ZOWIE XL2546K,HyperX,Logitech,Logitech,ZOWIE
Freeman,ZOWIE G-SR-SE TyLoo Edition,SteelSeries Apex Pro TKL,HyperX Cloud Flight,ZOWIE XL2546,ZOWIE,SteelSeries,HyperX,ZOWIE
Fresh,Glorious 3XL,SteelSeries Apex Pro,beyerdynamic DT 1990 PRO,Alienware AW2521H,Glorious,SteelSeries,beyerdynamic,Alienware
Furlan,Razer Gigantus V2,Razer Huntsman V2 TKL,Razer BlackShark V2,ZOWIE XL2546K,Razer,Razer,Razer,ZOWIE
Fury,Logitech G640,Logitech G Pro Keyboard,HyperX Cloud Flight,HP OMEN 24.5″,Logitech,Logitech,HyperX,HP
Fuzzface,SteelSeries QcK+,SteelSeries Apex Pro TKL,Bose QuietComfort 20,ZOWIE XL2546,SteelSeries,SteelSeries,Bose,ZOWIE
GeT_RiGhT,HyperX Fury S Pro,HyperX Alloy Origins,HyperX Cloud II,ZOWIE XL2546 Divina Blue,HyperX,HyperX,HyperX,ZOWIE
Genburten,Artisan Ninja FX Zero XSoft,Ducky One 2 Mini,unknown,ZOWIE XL2546K,Artisan,Ducky,unknown,ZOWIE
Golden,Fnatic DASH,Fnatic STREAK,Fnatic REACT,ZOWIE XL2540,Fnatic,Fnatic,Fnatic,ZOWIE
Goofy,unknown,unknown,unknown,ZOWIE XL2546K,unknown,unknown,unknown,ZOWIE
Gotaga,SteelSeries QcK+,SteelSeries Apex Pro,SteelSeries Arctis Pro,Alienware AW2518H,SteelSeries,SteelSeries,SteelSeries,Alienware
Grashog,Razer Gigantus V2,Razer Huntsman V2 TKL,Razer BlackShark V2,ZOWIE XL2546K,Razer,Razer,Razer,ZOWIE
Gratisfaction,Razer Goliathus Control,Logitech G513,HyperX Cloud II,ZOWIE XL2546,Razer,Logitech,HyperX,ZOWIE
Grim,Lethal Gaming Gear Saturn,Logitech G915 TKL White,HyperX Cloud II,ZOWIE XL2546K,Lethal,Logitech,HyperX,ZOWIE
GruBy,Razer Gigantus,Razer Huntsman TE,Razer Kraken Pro V2,ZOWIE XL2540,Razer,Razer,Razer,ZOWIE
GuardiaN,Razer Gigantus V2,HyperX Alloy Origins,Logitech G Pro X Wireless Headset,ZOWIE XL2546 Divina Blue,Razer,HyperX,Logitech,ZOWIE
H1ghsky1,SteelSeries QcK+,SteelSeries Apex Pro Mini,SteelSeries Arctis 1,Acer GN246HL,SteelSeries,SteelSeries,SteelSeries,Acer
HAL,Logitech G640,HyperX Alloy Origins Core,HyperX Cloud Orbit S,ZOWIE XL2546,Logitech,HyperX,HyperX,ZOWIE
HEAP,HyperX Fury S Speed Edition,HyperX Alloy Origins,HyperX Cloud Flight S,ZOWIE XL2546K,HyperX,HyperX,HyperX,ZOWIE
HEN1,VAXEE PA OUTSET,HyperX Alloy FPS RGB,HyperX Cloud Alpha S,ZOWIE XL2546,VAXEE,HyperX,HyperX,ZOWIE
HObbit,Esports Tiger Grandmaster SE Qin,Xtrfy K5 Compact RGB,HyperX Cloud II,ZOWIE XL2540,Esports,Xtrfy,HyperX,ZOWIE
HS,SteelSeries QcK Heavy,Womier K66,HyperX Cloud II,ZOWIE XL2546K,SteelSeries,Womier,HyperX,ZOWIE
Hakis,Razer Gigantus V2,Razer Huntsman Mini,Razer BlackShark V2 Pro White,ZOWIE XL2546,Razer,Razer,Razer,ZOWIE
Hamlinz,Logitech G640,SteelSeries Apex Pro TKL,HyperX Cloud II,ZOWIE XL2546,Logitech,SteelSeries,HyperX,ZOWIE
Harbleu,ZOWIE G-SR,Corsair K70 RGB,Sennheiser HD598 SR,Samsung Odyssey G7,ZOWIE,Corsair,Sennheiser,Samsung
Hardecki,Artisan Hayate Otsu XSoft,Varmilo VA87M Vintage Days,HyperX Cloud Alpha,ASUS TUF VG258QM,Artisan,Varmilo,HyperX,ASUS
Hatz,SteelSeries QcK Heavy,Logitech G Pro X Keyboard,HyperX Cloud II,ZOWIE XL2546K,SteelSeries,Logitech,HyperX,ZOWIE
HexT,ZOWIE G-SR,Logitech G Pro X Keyboard,HyperX Cloud II,ZOWIE XL2540,ZOWIE,Logitech,HyperX,ZOWIE
Hiko,ZOWIE G-SR-SE HiKo Edition,Razer Blackwidow TE,JBL Quantum One,Alienware AW2521H,ZOWIE,Razer,JBL,Alienware
HisWattson,X-raypad Aqua Control+,Razer BlackWidow V3 Pro,unknown,unknown,X-raypad,Razer,unknown,unknown
HooXi,Logitech G640,Razer Huntsman V2 TKL,Logitech G Pro X Headset,ZOWIE XL2546,Logitech,Razer,Logitech,ZOWIE
Horcus,GIGABYTE AORUS AMP500,Razer Huntsman Elite,HyperX Cloud II,ZOWIE XL2546,GIGABYTE,Razer,HyperX,ZOWIE
Huskerrs,Lethal Gaming Gear Venus,Custom Keyboard,Sennheiser HD 660S,LG ULTRAGEAR 32GQ950-B,Lethal,Custom,Sennheiser,LG
Hydration,ZOWIE G-SR-SE,Corsair K65 TKL,HyperX Cloud II,HP OMEN 24.5″,ZOWIE,Corsair,HyperX,HP
INS,SteelSeries QcK Heavy,iKBC CD87,HyperX Cloud II,ZOWIE XL2546K,SteelSeries,iKBC,HyperX,ZOWIE
ISSAA,ZOWIE G-SR-SE Dark Grey,Xtrfy K2 RGB,HyperX Cloud II,ZOWIE XL2540,ZOWIE,Xtrfy,HyperX,ZOWIE
ImperialHal,Artisan Hayate Otsu XSoft,Custom Keyboard,Sennheiser CX 300-II,ZOWIE XL2546K,Artisan,Custom,Sennheiser,ZOWIE
JACKZ,ZOWIE G-SR,Logitech G513,Logitech G Pro X Headset,ZOWIE XL2546,ZOWIE,Logitech,Logitech,ZOWIE
JASONR,Razer Gigantus V2,Logitech G915,unknown,ZOWIE XL2540,Razer,Logitech,unknown,ZOWIE
JDC,Razer Gigantus V2 MOUZ,Razer BlackWidow V3 Pro,Razer BlackShark V2,ZOWIE XL2546K,Razer,Razer,Razer,ZOWIE
JJoNaK,ZOWIE G-SR,Logitech G Pro Keyboard,SteelSeries Arctis Pro Wireless,HP OMEN 24.5″,ZOWIE,Logitech,SteelSeries,HP
JOTA,Razer Gigantus V2,HyperX Alloy FPS,HyperX Cloud II,Alienware AW2521H,Razer,HyperX,HyperX,Alienware
JT,SteelSeries QcK+,Drop ALT Keyboard,HyperX Cloud II,ZOWIE XL2546,SteelSeries,Drop,HyperX,ZOWIE
JUGi,ZOWIE G-SR,SteelSeries Apex M500,Sennheiser GAME ZERO,ZOWIE XL2546,ZOWIE,SteelSeries,Sennheiser,ZOWIE
JUST,VAXEE PA ZYGEN,ASUS ROG Claymore,HyperX Cloud II,ZOWIE XL2546K,VAXEE,ASUS,HyperX,ZOWIE
JW,Fnatic DASH,Fnatic miniSTREAK,Fnatic REACT,ZOWIE XL2540,Fnatic,Fnatic,Fnatic,ZOWIE
Jackinho,Fnatic DASH,Fnatic miniSTREAK,Fnatic REACT,ZOWIE XL2546,Fnatic,Fnatic,Fnatic,ZOWIE
Jacob,SteelSeries QcK+,SteelSeries Apex Pro Mini,SteelSeries Arctis Pro Nova Wireless,ASUS ROG SWIFT PG259QN,SteelSeries,SteelSeries,SteelSeries,ASUS
Jake,Artisan FX Hien Soft,Custom Keyboard,HyperX Cloud II,HP OMEN 24.5″,Artisan,Custom,HyperX,HP
JamYoung,SteelSeries QcK Heavy,Logitech G Pro X Keyboard,HyperX Cloud Flight,ZOWIE XL2546K,SteelSeries,Logitech,HyperX,ZOWIE
Jame,VAXEE PA FunSpark V2,HyperX Alloy Elite 2,HyperX Cloud II,ZOWIE XL2546K,VAXEE,HyperX,HyperX,ZOWIE
Jamppi,VAXEE PA Black,Razer Huntsman Mini,HyperX Cloud II,ASUS ROG XG258Q,VAXEE,Razer,HyperX,ASUS
Jamside,HyperX Fury S Pro XL,SteelSeries Apex Pro TKL,HyperX Cloud Flight,GIGABYTE AORUS KD25F,HyperX,SteelSeries,HyperX,GIGABYTE
Jannis,Inked Gaming Custom Mousepad,SteelSeries Apex Pro TKL,Logitech G Pro X Headset,Acer Predator XB252Q,Inked,SteelSeries,Logitech,Acer
Jarvis,unknown,unknown,SteelSeries Arctis 5,Alienware AW2518H,unknown,unknown,SteelSeries,Alienware
Jeemzz,Logitech G840,Ducky One 2 Mini,Bose QuietComfort 20,Alienware AW2518H,Logitech,Ducky,Bose,Alienware
Jelty,The Mousepad Company Strata Liquid 07,SteelSeries Apex Pro TKL,Logitech G Pro X Headset,GIGABYTE AORUS KD25F,The,SteelSeries,Logitech,GIGABYTE
Jeorge,Corsair MM350 Champion Series,HyperX Alloy Origins,HyperX Cloud II,ZOWIE XL2546K,Corsair,HyperX,HyperX,ZOWIE
Jerry,ZOWIE G-SR-SE Divina Blue,HyperX Alloy FPS,HyperX Cloud II,ZOWIE XL2546,ZOWIE,HyperX,HyperX,ZOWIE
Jesse,ZOWIE G-SR-SE,SteelSeries Apex Pro TKL,beyerdynamic DT 990 Pro,ZOWIE XL2546,ZOWIE,SteelSeries,beyerdynamic,ZOWIE
Jimpphat,Logitech G640,Logitech G915,Logitech G Pro X Headset,ZOWIE XL2546K,Logitech,Logitech,Logitech,ZOWIE
Jinggg,Artisan Ninja FX Zero Soft,HyperX Alloy Origins Core,Logitech G Pro X Headset,ZOWIE XL2546K,Artisan,HyperX,Logitech,ZOWIE
JonahP,Gamesense Radar,Ducky One 2 TKL White,Sennheiser GAME ZERO,ZOWIE XL2546,Gamesense,Ducky,Sennheiser,ZOWIE
Jonji,Razer Gigantus,Corsair K70 RGB MK.2,HyperX Cloud II,ZOWIE XL2546,Razer,Corsair,HyperX,ZOWIE
Jordan,ZOWIE G-SR-SE,SteelSeries Apex Pro TKL,HyperX Cloud Alpha,ASUS ROG SWIFT PG259QN,ZOWIE,SteelSeries,HyperX,ASUS
Jur3ky,Inked Gaming Custom Mousepad,SteelSeries Apex Pro TKL,beyerdynamic DT 990 Pro,ASUS ROG STRIX XG248Q,Inked,SteelSeries,beyerdynamic,ASUS
Jyo,SteelSeries QcK Heavy,HyperX Alloy FPS,HyperX Cloud II,ZOWIE XL2546K,SteelSeries,HyperX,HyperX,ZOWIE
K1NG,The Mousepad Company Strata Liquid 03,SteelSeries Apex Pro TKL,HyperX Cloud II Wireless,ZOWIE XL2546,The,SteelSeries,HyperX,ZOWIE
K1nzell,The Mousepad Company Strata Liquid 03,SteelSeries Apex Pro TKL,Logitech G Pro X Headset,ZOWIE XL2540,The,SteelSeries,Logitech,ZOWIE
KENSI,SteelSeries QcK Heavy,HyperX Alloy FPS,HyperX Cloud Alpha S,ZOWIE XL2546,SteelSeries,HyperX,HyperX,ZOWIE
KRIMZ,Fnatic FOCUS 2,Fnatic miniSTREAK,Fnatic REACT+,ZOWIE XL2540,Fnatic,Fnatic,Fnatic,ZOWIE
KRYPTIX,Razer Gigantus V2,Razer Huntsman TE,Razer BlackShark V2,ZOWIE XL2540,Razer,Razer,Razer,ZOWIE
Kalios,SteelSeries QcK Heavy,Logitech G Pro X Keyboard,Corsair Void Pro,ASUS ROG STRIX XG248Q,SteelSeries,Logitech,Corsair,ASUS
Kamo,unknown,unknown,SteelSeries Arctis Pro Wireless,ASUS ROG SWIFT PG258Q,unknown,unknown,SteelSeries,ASUS
Kanpeki,Artisan Ninja FX Zero Soft,Custom Keyboard,Razer BlackShark V2 Pro,ZOWIE XL2546 Divina Pink,Artisan,Custom,Razer,ZOWIE
KarQ,HyperX Fury S Pro,Keychron K4,EPOS H6PRO White,Acer Predator XN3,HyperX,Keychron,EPOS,Acer
Kaze,X-raypad Aqua Control+,Corsair K70 RGB MK.2,HyperX Cloud Flight,ZOWIE XL2546K,X-raypad,Corsair,HyperX,ZOWIE
Kenzo,Endgame Gear MPC 890,unknown,unknown,unknown,Endgame,unknown,unknown,unknown
Keoz,VAXEE PA Winter22,Razer Huntsman V2 TKL,HyperX Cloud II,ZOWIE XL2546,VAXEE,Razer,HyperX,ZOWIE
Kephrii,Artisan FX Hien Soft,Razer Huntsman V2 TKL,Razer BlackShark V2 Pro White,ASUS ROG SWIFT PG259QN,Artisan,Razer,Razer,ASUS
Khanada,Logitech G840,Wooting One,Logitech G Pro X Headset,ZOWIE XL2546,Logitech,Wooting,Logitech,ZOWIE
Kiles,VAXEE PA ZYGEN,Logitech G Pro X Keyboard,Logitech G Pro X Headset,ZOWIE XL2540,VAXEE,Logitech,Logitech,ZOWIE
Kinstaar,Logitech G640,Logitech G Pro X Keyboard,Logitech G933,Acer Predator XB241H,Logitech,Logitech,Logitech,Acer
KioShiMa,HyperX Fury S Speed Edition,HyperX Alloy Elite,HyperX Cloud II,ZOWIE XL2540,HyperX,HyperX,HyperX,ZOWIE
Kiryache32,Glorious 3XL,SteelSeries Apex Pro TKL,HyperX Cloud II,ZOWIE XL2546,Glorious,SteelSeries,HyperX,ZOWIE
Kjaerbye,VAXEE PA FunSpark,SteelSeries Apex Pro TKL,SteelSeries Arctis Pro,ZOWIE XL2546,VAXEE,SteelSeries,SteelSeries,ZOWIE
Klaus,VAXEE PA Black,Razer Huntsman TE,Logitech G Pro X Wireless Headset,ZOWIE XL2546K,VAXEE,Razer,Logitech,ZOWIE
Krad,VAXEE PA Y22,Varmilo VA87M Summit,beyerdynamic MMX 300,ZOWIE XL2546K,VAXEE,Varmilo,beyerdynamic,ZOWIE
Kragie,ZOWIE GTF-X,SteelSeries Apex 7 TKL,SteelSeries Arctis Pro Wireless,ASUS ROG SWIFT PG258Q,ZOWIE,SteelSeries,SteelSeries,ASUS
Kreo,Inked Gaming Custom Mousepad,HK Gaming GK61,Logitech G Pro X Headset,ASUS ROG SWIFT PG258Q,Inked,HK,Logitech,ASUS
Krimbo,Corsair MM350 Champion Series,Corsair K70 RGB MK.2,Corsair HS80,ZOWIE XL2546K,Corsair,Corsair,Corsair,ZOWIE
Kristou,SteelSeries QcK+,HyperX Alloy FPS Pro,Sennheiser GSP 600,ZOWIE XL2546,SteelSeries,HyperX,Sennheiser,ZOWIE
KrizzeN,ZOWIE G-SR,Razer Blackwidow Chroma TE V2,HyperX Cloud II,ZOWIE XL2540,ZOWIE,Razer,HyperX,ZOWIE
Kvem,Logitech G640,Logitech G Pro X Keyboard,Logitech G Pro X Headset,ASUS ROG STRIX XG248Q,Logitech,Logitech,Logitech,ASUS
Kvik,Logitech G640,SteelSeries Apex Pro,HyperX Cloud II,ZOWIE XL2546,Logitech,SteelSeries,HyperX,ZOWIE
Kyedae,HyperX Fury S Pro,Custom Keyboard,Xtrfy H2,ZOWIE XL2540,HyperX,Custom,Xtrfy,ZOWIE
Kyojin,Razer Gigantus Elite,Corsair K70 RGB MK.2,Logitech G Pro X Headset,ZOWIE XL2546K,Razer,Corsair,Logitech,ZOWIE
L1NK,VAXEE PB,HyperX Alloy FPS RGB,HyperX Cloud II,ZOWIE XL2546,VAXEE,HyperX,HyperX,ZOWIE
LNZ,Razer Gigantus V2,Razer Huntsman V2 TKL,Razer BlackShark V2 Pro,ASUS ROG SWIFT PG259QN,Razer,Razer,Razer,ASUS
LOLiTO FDEZ,Razer Gigantus,Ducky One 2 Mini,beyerdynamic DT 990 Pro,ZOWIE XL2540,Razer,Ducky,beyerdynamic,ZOWIE
LUCAS1,Razer Gigantus,Razer BlackWidow X Chroma Mercury,Razer Kraken 7.1 Mercury White Edition,ZOWIE XL2546,Razer,Razer,Razer,ZOWIE
Lack1,VAXEE PB,Logitech G915 TKL,EPOS H6PRO White,ZOWIE XL2546K,VAXEE,Logitech,EPOS,ZOWIE
Lakia,SteelSeries QcK Heavy,Razer Huntsman V2 TKL,HyperX Cloud Alpha,ZOWIE XL2546,SteelSeries,Razer,HyperX,ZOWIE
Laz,Artisan Ninja FX Zero Soft,Logitech G915,Logitech G Pro X Wireless Headset,ZOWIE XL2546,Artisan,Logitech,Logitech,ZOWIE
Lekr0,Xtrfy XTP1 f0rest,Xtrfy K2 RGB,Xtrfy H1,ASUS ROG SWIFT PG259QN,Xtrfy,Xtrfy,Xtrfy,ASUS
Leleo,Glorious XXL,Razer BlackWidow V3 Mini,HyperX Cloud Alpha S,ZOWIE XL2546,Glorious,Razer,HyperX,ZOWIE
Leo,HyperX Fury S Pro,unknown,unknown,unknown,HyperX,unknown,unknown,unknown
Less,VAXEE PA FunSpark,HyperX Alloy FPS RGB,HyperX Cloud II,unknown,VAXEE,HyperX,HyperX,unknown
Letshe,unknown,unknown,Logitech G Pro X Wireless Headset,AOC C24G1,unknown,unknown,Logitech,AOC
LiNkzr,ZOWIE G-SR,Logitech G Pro X Keyboard,Logitech G Pro X Headset,ZOWIE XL2546K,ZOWIE,Logitech,Logitech,ZOWIE
Liazz,ZOWIE G-SR,HyperX Alloy FPS,HyperX Cloud II,ZOWIE XL2546,ZOWIE,HyperX,HyperX,ZOWIE
Lobanjica,ZOWIE G-SR,Razer Huntsman TE,Sennheiser Momentum Free,ZOWIE XL2540,ZOWIE,Razer,Sennheiser,ZOWIE
LogaN,ZOWIE G-SR,SteelSeries Apex M500,HyperX Cloud II,ZOWIE XL2411T,ZOWIE,SteelSeries,HyperX,ZOWIE
Lothar,Logitech G PowerPlay,Logitech G Pro Keyboard,Logitech G Pro X Headset,AOC AG251FZ,Logitech,Logitech,Logitech,AOC
Lucaozy,Logitech G640,SteelSeries Apex Pro TKL,Logitech G Pro X Headset,ZOWIE XL2546K,Logitech,SteelSeries,Logitech,ZOWIE
Lucky,Logitech G640,Logitech G Pro Keyboard,Logitech G Pro X Headset,ZOWIE XL2546,Logitech,Logitech,Logitech,ZOWIE
Luken,SteelSeries QcK Heavy,HyperX Alloy FPS Pro,HyperX Cloud II Wireless,ZOWIE XL2546,SteelSeries,HyperX,HyperX,ZOWIE
MAJ3R,SteelSeries QcK Heavy,HyperX Alloy FPS,HyperX Cloud II,ZOWIE XL2546K,SteelSeries,HyperX,HyperX,ZOWIE
MICHU,ZOWIE G-SR,Razer BlackWidow V3 TKL,EPOS H6PRO White,ZOWIE XL2546K,ZOWIE,Razer,EPOS,ZOWIE
MODDII,ZOWIE G-SR-SE,Xtrfy K2 RGB,Sennheiser GAME ZERO,ZOWIE XL2546,ZOWIE,Xtrfy,Sennheiser,ZOWIE
MOTOR,unknown,Fnatic miniSTREAK,HyperX Cloud II,ASUS VG248QE,unknown,Fnatic,HyperX,ASUS
MSL,SteelSeries QcK Heavy,SteelSeries Apex M750 TKL,SteelSeries Arctis Pro,ZOWIE XL2546,SteelSeries,SteelSeries,SteelSeries,ZOWIE
MUTiRiS,Corsair MM350 Champion Series,HyperX Alloy Elite,HyperX Cloud II,ZOWIE XL2546K,Corsair,HyperX,HyperX,ZOWIE
MaKo,Razer Gigantus V2,Razer BlackWidow V3 Pro,Razer BlackShark V2 Pro,ZOWIE XL2546S,Razer,Razer,Razer,ZOWIE
Magisk,VAXEE PA Y22,Razer Huntsman V2 TKL,Corsair HS80,ZOWIE XL2546,VAXEE,Razer,Corsair,ZOWIE
Maikelele,Razer Gigantus V2,Xtrfy K2 RGB,HyperX Cloud II,ZOWIE XL2540,Razer,Xtrfy,HyperX,ZOWIE
Maka,Artisan FX Hien Soft,Logitech G513,Logitech G Pro X Headset,ZOWIE XL2546 Divina Blue,Artisan,Logitech,Logitech,ZOWIE
Malibuca,Glorious XXL,SteelSeries Apex Pro TKL,SteelSeries Arctis 1,ASUS TUF VG259QM,Glorious,SteelSeries,SteelSeries,ASUS
Maluk3,SteelSeries QcK Large,SteelSeries Apex Pro,SteelSeries Arctis Pro,ZOWIE XL2546K,SteelSeries,SteelSeries,SteelSeries,ZOWIE
Mande,ZOWIE G-SR-SE Divina Pink,Ducky Miya Pro Sakura,HyperX Cloud II,ZOWIE XL2546K,ZOWIE,Ducky,HyperX,ZOWIE
Maniac,Logitech G640,Logitech G Pro Keyboard,Logitech G Pro X Wireless Headset,ASUS ROG SWIFT PG259QN,Logitech,Logitech,Logitech,ASUS
MarKE,Zowie G-SR-SE Rouge,Razer Huntsman Elite,HyperX Cloud II,ZOWIE XL2540,Zowie,Razer,HyperX,ZOWIE
Marix,SteelSeries QcK Heavy,Corsair K65 TKL,beyerdynamic MMX 300,ZOWIE XL2546K,SteelSeries,Corsair,beyerdynamic,ZOWIE
Marksman,Logitech G640,Corsair K70 RGB,beyerdynamic DT 990 Pro,Alienware AW2518H,Logitech,Corsair,beyerdynamic,Alienware
MartinezSa,SteelSeries QcK+,Logitech G915 TKL,HyperX Cloud II,ZOWIE XL2546,SteelSeries,Logitech,HyperX,ZOWIE
Martoz,SteelSeries QcK XXL,Razer Huntsman TE,SteelSeries Arctis Pro Wireless,Alienware AW2521H,SteelSeries,Razer,SteelSeries,Alienware
Marved,Artisan Hayate Otsu XSoft,Razer BlackWidow V3 TKL,Razer BlackShark V2,ZOWIE XL2540,Artisan,Razer,Razer,ZOWIE
Marz,unknown,Corsair K95 RGB PLATINUM,unknown,Alienware AW2518H,unknown,Corsair,unknown,Alienware
Mazino,Artisan Ninja FX Zero Soft,Razer Huntsman TE,HyperX Cloud Flight,ZOWIE XL2546K,Artisan,Razer,HyperX,ZOWIE
Meddo,unknown,unknown,SteelSeries Arctis Pro White,ZOWIE XL2546,unknown,unknown,SteelSeries,ZOWIE
Megga,HyperX Fury S Speed Edition,SteelSeries Apex Pro TKL,SteelSeries Arctis 1 Wireless,Alienware AW2518H,HyperX,SteelSeries,SteelSeries,Alienware
Melser,Lethal Gaming Gear Saturn,Ducky One 2,unknown,Alienware AW2521H,Lethal,Ducky,unknown,Alienware
Mendo,Artisan Ninja FX Zero Soft,Custom Keyboard,beyerdynamic DT 1990 PRO,Alienware AW2521H,Artisan,Custom,beyerdynamic,Alienware
Mercury,ZOWIE G-SR,SteelSeries Apex Pro,HyperX Cloud II,ZOWIE XL2546K,ZOWIE,SteelSeries,HyperX,ZOWIE
MiGHTYMAX,VAXEE PA Summer22,Ducky One 2,HyperX Cloud II,ASUS ROG SWIFT PG259QN,VAXEE,Ducky,HyperX,ASUS
Mickie,ZOWIE G-SR,Corsair K70 RGB MK.2,HyperX Cloud Revolver S,HP OMEN 24.5″,ZOWIE,Corsair,HyperX,HP
Milan,Glorious 3XL,SteelSeries Apex Pro TKL,Corsair Void Pro,Alienware AW2518H,Glorious,SteelSeries,Corsair,Alienware
MistR,Logitech G640,Logitech G Pro X Keyboard,Logitech G Pro X Headset,ZOWIE XL2546K,Logitech,Logitech,Logitech,ZOWIE
Mistic,ZOWIE G-SR,Fnatic miniSTREAK,Fnatic REACT+,ZOWIE XL2546,ZOWIE,Fnatic,Fnatic,ZOWIE
Mitr0,Inked Gaming Custom Mousepad,SteelSeries Apex Pro,Logitech G Pro X Headset,Alienware AW2521H,Inked,SteelSeries,Logitech,Alienware
Mongraal,Inked Gaming Custom Mousepad,SteelSeries Apex Pro Mini,HyperX Cloud II,LG UltraGear 32GQ850-B,Inked,SteelSeries,HyperX,LG
Monsoon,Glorious 3XL,Custom Keyboard,HyperX Cloud Flight,ZOWIE XL2546K,Glorious,Custom,HyperX,ZOWIE
Moose,Logitech G640,Cooler Master Masterkeys Pro S,HyperX Cloud II,ZOWIE XL2546,Logitech,Cooler,HyperX,ZOWIE
MrSavage,ROCCAT Sense Vital Force XXL,ROCCAT Vulcan II Mini,unknown,ASUS ROG SWIFT PG259QN,ROCCAT,ROCCAT,unknown,ASUS
Myth,Logitech G840,Logitech G Pro X Keyboard,Logitech G Pro X Headset,ASUS ROG SWIFT PG258Q,Logitech,Logitech,Logitech,ASUS
NAF,SteelSeries QcK Heavy,Custom Keyboard,Sennheiser GSP 600,Alienware AW2521H,SteelSeries,Custom,Sennheiser,Alienware
NBK-,Razer Gigantus V2 MOUZ,Razer Huntsman Quartz,Razer BlackShark V2,ZOWIE XL2546K,Razer,Razer,Razer,ZOWIE
NEKIZ,SteelSeries QcK+,Logitech G Pro X Keyboard,HyperX Cloud II,ZOWIE XL2546K,SteelSeries,Logitech,HyperX,ZOWIE
NEO,SteelSeries QcK Heavy,SteelSeries Apex M750 TKL,SteelSeries Arctis Pro White,ZOWIE XL2540,SteelSeries,SteelSeries,SteelSeries,ZOWIE
NEOFRAG,VAXEE PA P22,Xtrfy K2 RGB,HyperX Cloud II,ZOWIE XL2546K,VAXEE,Xtrfy,HyperX,ZOWIE
NaToSaphiX,SteelSeries QcK Heavy,SteelSeries Apex Pro TKL,Logitech G Pro X Headset,ZOWIE XL2566K,SteelSeries,SteelSeries,Logitech,ZOWIE
Nadeshot,SteelSeries QcK+,Custom Keyboard,JBL Quantum One,ZOWIE XL2540,SteelSeries,Custom,JBL,ZOWIE
NagZet,VAXEE PA FunSpark,Logitech G Pro X Keyboard,HyperX Cloud Flight,ZOWIE XL2546K,VAXEE,Logitech,HyperX,ZOWIE
Nate Hill,SteelSeries QcK+,SteelSeries Apex Pro TKL,SteelSeries Arctis Pro Wireless,Acer Predator XB252Q,SteelSeries,SteelSeries,SteelSeries,Acer
Nayte,Inked Gaming Custom Mousepad,Anne Pro 2,HyperX Cloud Alpha,ZOWIE XL2546,Inked,Anne,HyperX,ZOWIE
Necros,Artisan Hayate Otsu XSoft,Logitech G Pro Keyboard,Sennheiser GAME ONE,ASUS VG248QE,Artisan,Logitech,Sennheiser,ASUS
Nertz,SteelSeries QcK Heavy,Logitech G915 TKL,HyperX Cloud II,ZOWIE XL2546,SteelSeries,Logitech,HyperX,ZOWIE
NiKo,SteelSeries QcK Heavy,Logitech G715,Logitech G735,ZOWIE XL2566K,SteelSeries,Logitech,Logitech,ZOWIE
Nick Eh 30,Custom Mousepad,Razer Huntsman TE,Bose QuietComfort 35,Alienware AW2720HF,Custom,Razer,Bose,Alienware
NickelBack,VAXEE PA Y22,Razer BlackWidow V3 TKL,Logitech G Pro X Headset,ZOWIE XL2546K,VAXEE,Razer,Logitech,ZOWIE
Nickmercs,unknown,unknown,ASTRO A40,Alienware AW2521H,unknown,unknown,ASTRO,Alienware
Nicks,ZOWIE G-SR-SE Divina Blue,SteelSeries Apex Pro TKL,HyperX Cloud Flight,ZOWIE XL2540,ZOWIE,SteelSeries,HyperX,ZOWIE
Nifty,SteelSeries QcK Heavy,Corsair K70 RGB,Corsair Void Pro White,ZOWIE XL2546,SteelSeries,Corsair,Corsair,ZOWIE
Nikof,Corsair MM500,Corsair K65 TKL,Corsair Virtuoso,Acer Predator XB241H,Corsair,Corsair,Corsair,Acer
Ninja,HyperX Fury S Pro,SteelSeries Apex Pro TKL,beyerdynamic DT 1990 PRO,Alienware AW2518H,HyperX,SteelSeries,beyerdynamic,Alienware
Nivera,Corsair MM350 Champion Series,Corsair K70 RGB,Corsair HS80,Alienware AW2521H,Corsair,Corsair,Corsair,Alienware
Noahreyli,Inked Gaming Custom Mousepad,SteelSeries Apex Pro Mini,Logitech G Pro X Headset,ASUS ROG XG258Q,Inked,SteelSeries,Logitech,ASUS
Nocturnal,The Mousepad Company Chrysanthemums and Bee,Vortex Pok3r RGB,Bose QuietComfort 20,ZOWIE XL2546K,The,Vortex,Bose,ZOWIE
Nodios,Razer Gigantus V2,Razer Huntsman Elite,HyperX Cloud II,ZOWIE XL2546K,Razer,Razer,HyperX,ZOWIE
Noko,Logitech G640,Logitech G Pro X Keyboard,unknown,Acer Predator XB252Q,Logitech,Logitech,unknown,Acer
Norwi,unknown,unknown,unknown,ZOWIE XL2546K,unknown,unknown,unknown,ZOWIE
Nozwerr,VAXEE PA Winter 21,HyperX Alloy Origins,HyperX Cloud II,AOC G2460PF,VAXEE,HyperX,HyperX,AOC
OGE,ZOWIE G-SR,Corsair K70 RGB MK.2,HyperX Cloud II,HP OMEN 24.5″,ZOWIE,Corsair,HyperX,HP
PKL,SteelSeries QcK+,unknown,unknown,ZOWIE XL2546K,SteelSeries,unknown,unknown,ZOWIE
POACH,Logitech G640,Razer Huntsman Mini,beyerdynamic DT 990 Pro,Alienware AW2518H,Logitech,Razer,beyerdynamic,Alienware
POW3R,Fnatic DASH,Fnatic miniSTREAK,Sennheiser HD800 S,ASUS ROG SWIFT PG258Q,Fnatic,Fnatic,Sennheiser,ASUS
Pate1k,Artisan Raiden FX Mid,unknown,HyperX Cloud Alpha,ZOWIE XL2546,Artisan,unknown,HyperX,ZOWIE
Patiphan,Gamesense Radar,Custom Keyboard,Sennheiser GAME ZERO,ZOWIE XL2546,Gamesense,Custom,Sennheiser,ZOWIE
Patsi,ZOWIE G-SR-SE Deep Blue,Ducky One 2 TKL White,HyperX Cloud Alpha S,ZOWIE XL2540,ZOWIE,Ducky,HyperX,ZOWIE
Pengu,Logitech G640,Logitech G Pro X Keyboard,beyerdynamic DT 1990 PRO,ASUS ROG SWIFT PG258Q,Logitech,Logitech,beyerdynamic,ASUS
Peppzor,Fnatic DASH XL,Fnatic miniSTREAK,Fnatic REACT+,ZOWIE XL2546K,Fnatic,Fnatic,Fnatic,ZOWIE
Perfecto,Logitech G640,Logitech G915 TKL,Logitech G Pro X Headset,ZOWIE XL2546K,Logitech,Logitech,Logitech,ZOWIE
Peterbot,Glorious 3XL,SteelSeries Apex Pro TKL,unknown,Alienware AW2518H,Glorious,SteelSeries,unknown,Alienware
Pimp,SteelSeries QcK Heavy,Xtrfy K4 TKL RGB White,SteelSeries Arctis 7,ZOWIE XL2546 Divina Blue,SteelSeries,Xtrfy,SteelSeries,ZOWIE
Pine,Maxtill G-Pad,Logitech G Pro Keyboard,HyperX Cloud II,HP OMEN 24.5″,Maxtill,Logitech,HyperX,HP
Pio,VAXEE PA Black,Corsair K65 TKL,Bose QuietComfort 20,ZOWIE XL2546,VAXEE,Corsair,Bose,ZOWIE
PlesseN,ZOWIE G-SR-SE Dark Grey,Xtrfy K2 RGB,HyperX Cloud I,ZOWIE XL2546,ZOWIE,Xtrfy,HyperX,ZOWIE
Plopski,Xtrfy GP4 Street Blue,Xtrfy K4 TKL RGB,Logitech G Pro X Headset,ZOWIE XL2546,Xtrfy,Xtrfy,Logitech,ZOWIE
Poko,Razer Goliathus Speed Cosmic,Logitech G Pro Keyboard,Sennheiser GAME ZERO,HP OMEN 24.5″,Razer,Logitech,Sennheiser,HP
Profit,ZOWIE G-SR,Logitech G Pro Keyboard,Logitech G Pro X Headset,HP OMEN 24.5″,ZOWIE,Logitech,Logitech,HP
Pulga,The Mousepad Company Strata Bold 03,Wooting One,Logitech G935,Alienware AW2518H,The,Wooting,Logitech,Alienware
Punisher,Logitech G640,Logitech G Pro Keyboard,beyerdynamic DT 990 Pro,ZOWIE XL2546,Logitech,Logitech,beyerdynamic,ZOWIE
Python,HyperX Fury S Pro XL,Logitech G413,HyperX Cloud II,ZOWIE XL2546K,HyperX,Logitech,HyperX,ZOWIE
Qikert,Razer Gigantus V2,SteelSeries Apex Pro,HyperX Cloud II Gun Metal,ZOWIE XL2546K,Razer,SteelSeries,HyperX,ZOWIE
Queasy,Inked Gaming Custom Mousepad,Wooting 60 HE,beyerdynamic DT 990 Pro,Alienware AW2518H,Inked,Wooting,beyerdynamic,Alienware
Queenix,Zowie G-SR-SE Rouge,HyperX Alloy FPS RGB,HyperX Cloud II,ZOWIE XL2546K,Zowie,HyperX,HyperX,ZOWIE
REDSTAR,Corsair MM350 Champion Series,HyperX Alloy FPS,HyperX Cloud II,ZOWIE XL2546K,Corsair,HyperX,HyperX,ZOWIE
REZ,Razer Gigantus V2,Razer Huntsman V2 TKL,Razer BlackShark V2,ZOWIE XL2546K,Razer,Razer,Razer,ZOWIE
RUBINO,Artisan Ninja FX Zero Soft,Logitech G Pro X Keyboard,Logitech G Pro X Headset,ZOWIE XL2546,Artisan,Logitech,Logitech,ZOWIE
RUSH,Artisan Ninja FX Zero XSoft,HyperX Alloy Elite 2,HyperX Cloud Alpha S,ZOWIE XL2546,Artisan,HyperX,HyperX,ZOWIE
Radifaction,ZOWIE G-SR,Corsair K65 Rapidfire,Sennheiser GAME ZERO,ZOWIE XL2546,ZOWIE,Corsair,Sennheiser,ZOWIE
Raijin,unknown,unknown,unknown,unknown,unknown,unknown,unknown,unknown
Rainwaker,VAXEE PA ZYGEN,HyperX Alloy FPS RGB,Logitech G Pro X Wireless Headset,ZOWIE XL2546K,VAXEE,HyperX,Logitech,ZOWIE
Rawkus,Artisan Ninja FX Zero XSoft,Ducky One 2 Mini,Sennheiser GAME ZERO,ZOWIE XL2546,Artisan,Ducky,Sennheiser,ZOWIE
RazorX,unknown,unknown,HyperX Cloud II,ASUS VG248QE,unknown,unknown,HyperX,ASUS
Rb,ZOWIE G-SR,Razer Huntsman V2 TKL,Razer BlackShark V2 Pro,ZOWIE XL2546S,ZOWIE,Razer,Razer,ZOWIE
Recrent,Artisan FX Hien Soft,Razer Huntsman V2 TKL,unknown,Alienware AW2721D,Artisan,Razer,unknown,Alienware
Redgar,ZOWIE G-SR-SE Deep Blue,Logitech G Pro X Keyboard,Logitech G Pro X Headset,ZOWIE XL2546K,ZOWIE,Logitech,Logitech,ZOWIE
Reet,The Mousepad Company Ichiba,Logitech G Pro Keyboard,Logitech G Pro X Wireless Headset,Alienware AW2518H,The,Logitech,Logitech,Alienware
Rehx,ZOWIE G-SR-SE,SteelSeries Apex Pro TKL,Sennheiser GAME ONE,unknown,ZOWIE,SteelSeries,Sennheiser,unknown
Relyks,Artisan Ninja FX Zero Soft,HyperX Alloy FPS,HyperX Cloud II,ZOWIE XL2540,Artisan,HyperX,HyperX,ZOWIE
Replays,Custom Mousepad,SteelSeries Apex Pro TKL,SteelSeries Arctis Pro Wireless,Alienware AW2518H,Custom,SteelSeries,SteelSeries,Alienware
Reps,Logitech G640 TSM Edition,Logitech G Pro X Keyboard,Logitech G Pro X Headset,ZOWIE XL2546K,Logitech,Logitech,Logitech,ZOWIE
Reverse2k,Logitech G640,SteelSeries Apex Pro TKL,Logitech G Pro X Headset,Alienware AW2518H,Logitech,SteelSeries,Logitech,Alienware
Rickeh,Logitech G640,Logitech G Pro X Keyboard,Logitech G Pro X Headset,Alienware AW2521HF,Logitech,Logitech,Logitech,Alienware
Riversan,Inked Gaming Custom Mousepad,SteelSeries Apex Pro TKL,Logitech G Pro X Headset,Alienware AW2518H,Inked,SteelSeries,Logitech,Alienware
Rock1nG,Logitech G640,Xtrfy K4 TKL RGB,HyperX Cloud II,ZOWIE XL2546,Logitech,Xtrfy,HyperX,ZOWIE
Rogue,HyperX Fury S Speed Edition,Ducky One 2 Mini,Sennheiser GAME ZERO,ASUS ROG SWIFT PG259QN,HyperX,Ducky,Sennheiser,ASUS
RpK,Corsair MM350 Champion Series,Corsair K70 RGB MK.2,Corsair HS50,ZOWIE XL2540,Corsair,Corsair,Corsair,ZOWIE
RuStY,Xtrfy XTP1 f0rest,unknown,HyperX Cloud II,ZOWIE XL2546,Xtrfy,unknown,HyperX,ZOWIE
Russ,X-raypad Aqua Control+,HyperX Alloy Origins 60,HyperX Cloud II,ZOWIE XL2546K,X-raypad,HyperX,HyperX,ZOWIE
S0TF1k,SteelSeries QcK Heavy,Corsair K70 RGB,Sennheiser GAME ZERO,ZOWIE XL2546,SteelSeries,Corsair,Sennheiser,ZOWIE
SANJI,SteelSeries QcK Heavy,HyperX Alloy FPS,HyperX Cloud II,ZOWIE XL2546K,SteelSeries,HyperX,HyperX,ZOWIE
SEIDER,Razer Gigantus V2,Razer Huntsman V2 TKL,Logitech G Pro X Wireless Headset,unknown,Razer,Razer,Logitech,unknown
SENER1,Logitech G640,Xtrfy K5 Compact RGB Transparent White,Logitech G Pro X Headset,Alienware AW2521H,Logitech,Xtrfy,Logitech,Alienware
SHOCK,VAXEE PA Winter 21,Xtrfy K4 TKL RGB,Xtrfy H2,ZOWIE XL2546K,VAXEE,Xtrfy,Xtrfy,ZOWIE
SHOOWTiME,unknown,Fnatic RUSH G1,HyperX Cloud II,ZOWIE XL2546,unknown,Fnatic,HyperX,ZOWIE
SHiPZ,ZOWIE G-SR,ZOWIE Celeritas II,Sennheiser GAME ZERO,ZOWIE XL2546,ZOWIE,ZOWIE,Sennheiser,ZOWIE
SILERZZ,SteelSeries QcK Heavy,Ducky One 2 Mini,JBL Quantum One,ZOWIE XL2546,SteelSeries,Ducky,JBL,ZOWIE
SIXER,SteelSeries QcK Heavy,SteelSeries 6Gv2,HyperX Cloud II,ZOWIE XL2540,SteelSeries,SteelSeries,HyperX,ZOWIE
SLOWLY,ZOWIE G-SR-SE TyLoo Edition,Xtrfy K5 Compact RGB,HyperX Cloud Flight,ZOWIE XL2546K,ZOWIE,Xtrfy,HyperX,ZOWIE
SPACE,Razer Gigantus,Razer Blackwidow Chroma TE V2,HyperX Cloud II,HP OMEN 24.5″,Razer,Razer,HyperX,HP
STYKO,Xtrfy GP4 Street Blue,Razer Huntsman V2 TKL,Logitech G Pro X Headset,ASUS ROG SWIFT PG259QN,Xtrfy,Razer,Logitech,ASUS
SZPERO,ZOWIE G-SR,Logitech G Pro X Keyboard,Sennheiser GAME ZERO,ZOWIE XL2546,ZOWIE,Logitech,Sennheiser,ZOWIE
Saadhak,Artisan Hayate Otsu XSoft,Logitech G915 TKL White,HyperX Cloud II,Alienware AW2518H,Artisan,Logitech,HyperX,Alienware
Sacy,Lethal Gaming Gear Saturn Pro Red,Logitech G915,Logitech G Pro X Headset,ZOWIE XL2546,Lethal,Logitech,Logitech,ZOWIE
Saebyeolbe,Artisan FX Hien Soft,Fnatic miniSTREAK,SteelSeries Arctis Pro,ASUS ROG XG258Q,Artisan,Fnatic,SteelSeries,ASUS
Saf,Logitech G640,SteelSeries Apex Pro,beyerdynamic DT 990 Pro,Alienware AW2518H,Logitech,SteelSeries,beyerdynamic,Alienware
Sayaplayer,Esports Tiger LongTeng,Leopold FC750R,HyperX Cloud II Wireless,ZOWIE XL2546K,Esports,Leopold,HyperX,ZOWIE
Sayf,Lethal Gaming Gear Saturn,Wooting 60 HE,HyperX Cloud II,ASUS ROG SWIFT PG259QN,Lethal,Wooting,HyperX,ASUS
Sceptic,Esports Tiger LongTeng,Razer Huntsman Mini,HyperX Cloud Flight,Alienware AW2518H,Esports,Razer,HyperX,Alienware
Scoped,unknown,unknown,ASTRO A40,Acer XF250Q,unknown,unknown,ASTRO,Acer
ScreaM,SteelSeries QcK Heavy,SteelSeries 6Gv2,Logitech G Pro X Headset,Alienware AW2521H,SteelSeries,SteelSeries,Logitech,Alienware
ScrunK,ZOWIE GTF-X,Logitech G512,Logitech G Pro X Headset,ZOWIE XL2546K,ZOWIE,Logitech,Logitech,ZOWIE
Seagull,ZOWIE G-SR,Cooler Master Masterkeys Pro S,Sennheiser HD598 SR,ZOWIE XL2540,ZOWIE,Cooler,Sennheiser,ZOWIE
Senoxe,Artisan Ninja FX Shidenkai XSoft,Custom Keyboard,Apple EarPods,ZOWIE XL2546K,Artisan,Custom,Apple,ZOWIE
Setty,Artisan Ninja FX Zero Mid,SteelSeries Apex Pro Mini,beyerdynamic MMX 300,Alienware AW2521H,Artisan,SteelSeries,beyerdynamic,Alienware
ShadoW,SteelSeries QcK+,Logitech G Pro X Keyboard,Logitech G Pro X Headset,ZOWIE XL2546,SteelSeries,Logitech,Logitech,ZOWIE
ShahZaM,Lethal Gaming Gear Saturn,Custom Keyboard,HyperX Cloud II,ZOWIE XL2546,Lethal,Custom,HyperX,ZOWIE
Shanks,ZOWIE G-SR,Ducky One 3 Mini,HyperX Cloud II,ZOWIE XL2546,ZOWIE,Ducky,HyperX,ZOWIE
Shao,VAXEE PA Black,HyperX Alloy FPS,HyperX Cloud II,ZOWIE XL2546,VAXEE,HyperX,HyperX,ZOWIE
Sheydos,ZOWIE G-SR-SE,Logitech G Pro X Keyboard,Logitech G Pro X Headset,ZOWIE XL2546K,ZOWIE,Logitech,Logitech,ZOWIE
Shiv,unknown,Ducky One 2 Mini,HyperX Cloud II,ASUS VG248QE,unknown,Ducky,HyperX,ASUS
Shyy,Razer Gigantus V2,Razer Huntsman V2 TKL,unknown,unknown,Razer,Razer,unknown,unknown
SicK,Logitech G640,HyperX Alloy FPS Pro,HyperX Cloud II,ZOWIE XL2546,Logitech,HyperX,HyperX,ZOWIE
Sico,ZOWIE G-SR,Xtrfy K4 TKL RGB Retro,Xtrfy H1,ZOWIE XL2546K,ZOWIE,Xtrfy,Xtrfy,ZOWIE
SirMaza,ZOWIE GTF-X,HyperX Alloy FPS Pro,Beyerdynamic DT 880 Edition,ASUS TUF VG259QM,ZOWIE,HyperX,Beyerdynamic,ASUS
Skadoodle,ZOWIE G-SR,Logitech G Pro X Keyboard,Logitech G Pro X Headset,ZOWIE XL2546,ZOWIE,Logitech,Logitech,ZOWIE
SkittleCakes,Razer Strider,Razer BlackWidow V3 Mini,Razer BlackShark V2 Pro,Acer Predator XB272,Razer,Razer,Razer,Acer
Skram,Glorious 3XL,Razer Huntsman Mini,HyperX Cloud Alpha,AlienWare AW2518HF,Glorious,Razer,HyperX,AlienWare
Sleepy,Logitech G640,Logitech G Pro X Keyboard,Sennheiser HD 600,ASUS ROG SWIFT PG258Q,Logitech,Logitech,Sennheiser,ASUS
Smithzz,Logitech G640,Logitech G513,Logitech G Pro X Headset,AOC AG251FZ,Logitech,Logitech,Logitech,AOC
Snappi,Logitech G640 ENCE Edition,Logitech G Pro X Keyboard,Logitech G Pro X Headset,ZOWIE XL2546,Logitech,Logitech,Logitech,ZOWIE
Snax,ZOWIE G-SR-SE Red,Logitech G915 TKL,Sennheiser GAME ZERO,ZOWIE XL2546K,ZOWIE,Logitech,Sennheiser,ZOWIE
Snip3down,unknown,unknown,HyperX Cloud Alpha S,ASUS TUF VG259QM,unknown,unknown,HyperX,ASUS
SoOn,Artisan Ninja FX Zero XSoft,Wooting 60 HE,SteelSeries Arctis Pro Nova Wireless,ZOWIE XL2540K,Artisan,Wooting,SteelSeries,ZOWIE
Sobol,ZOWIE G-SR,Corsair K70 RGB MK.2,Logitech G Pro X Headset,ZOWIE XL2546K,ZOWIE,Corsair,Logitech,ZOWIE
Sommerset,unknown,Kraken Pro 60,HyperX Cloud Alpha,AlienWare AW2518HF,unknown,Kraken,HyperX,AlienWare
Sonic,SteelSeries QcK+,HyperX Alloy FPS Pro,HyperX Cloud II,ZOWIE XL2546,SteelSeries,HyperX,HyperX,ZOWIE
Soulfly,unknown,unknown,unknown,ZOWIE XL2546K,unknown,unknown,unknown,ZOWIE
Spiidi,Endgame Gear MPJ450 Sprout,Cooler Master MasterKeys MK750,HyperX Cloud Alpha,ZOWIE XL2546K,Endgame,Cooler,HyperX,ZOWIE
Spinx,Logitech G640,Logitech G915 TKL,Logitech G Pro X Headset,ZOWIE XL2546K,Logitech,Logitech,Logitech,ZOWIE
Spoit,Artisan FX Hien Soft,Wooting 60 HE,HyperX Cloud II,ZOWIE XL2546K,Artisan,Wooting,HyperX,ZOWIE
Stable Ronaldo,ZOWIE G-SR-SE Deep Blue,SteelSeries Apex Pro TKL,Logitech G430,AlienWare AW2518HF,ZOWIE,SteelSeries,Logitech,AlienWare
Staehr,Endgame Gear MPJ450 Sprout,SteelSeries Apex Pro,HyperX Cloud II Wireless,ZOWIE XL2546K,Endgame,SteelSeries,HyperX,ZOWIE
Starry,unknown,unknown,unknown,ZOWIE XL2546K,unknown,unknown,unknown,ZOWIE
Stewie2k,SteelSeries QcK Heavy,Logitech G512,HyperX Cloud II,ZOWIE XL2546K,SteelSeries,Logitech,HyperX,ZOWIE
Stompy,Razer Gigantus V2,Razer Huntsman Mini,Razer BlackShark V2,Alienware AW2518H,Razer,Razer,Razer,Alienware
Stretch,ZOWIE G-SR-SE Deep Blue,SteelSeries Apex Pro TKL,SteelSeries Arctis Pro Wireless,Alienware AW2518H,ZOWIE,SteelSeries,SteelSeries,Alienware
Striker,Logitech G640,Logitech G Pro X Keyboard,Logitech G Pro X Headset,ZOWIE XL2546K,Logitech,Logitech,Logitech,ZOWIE
Subroza,Logitech G640,Logitech G Pro X Keyboard,Logitech G Pro X Headset,ZOWIE XL2540,Logitech,Logitech,Logitech,ZOWIE
SugarZ3ro,ZOWIE G-SR-SE Deep Blue,Logitech G915 TKL,Logitech G Pro X Headset,ZOWIE XL2546K,ZOWIE,Logitech,Logitech,ZOWIE
Summer,ZOWIE G-SR-SE TyLoo Edition,SteelSeries Apex Pro,SteelSeries Arctis 5,ZOWIE XL2546K,ZOWIE,SteelSeries,SteelSeries,ZOWIE
SunPayus,ZOWIE G-SR,Logitech G Pro X Keyboard,HyperX Cloud II,ZOWIE XL2546K,ZOWIE,Logitech,HyperX,ZOWIE
Super,Logitech G640,Logitech G Pro Keyboard,EPOS GSP 500,HP OMEN 24.5″,Logitech,Logitech,EPOS,HP
Surefour,Razer Goliathus Speed Cosmic,Custom Keyboard,unknown,HP OMEN 24.5″,Razer,Custom,unknown,HP
Surf,Artisan Hayate Otsu XSoft,HyperX Alloy FPS,beyerdynamic MMX 300,ZOWIE XL2546K,Artisan,HyperX,beyerdynamic,ZOWIE
Surreal,ZOWIE G-SR-SE Deep Blue,Corsair K63,unknown,unknown,ZOWIE,Corsair,unknown,unknown
Suygetsu,Logitech G640,Logitech G Pro X Keyboard,Logitech G Pro X Headset,ZOWIE XL2546,Logitech,Logitech,Logitech,ZOWIE
Swagg,unknown,unknown,HyperX Cloud II,LG ULTRAGEAR 48GQ900-B,unknown,unknown,HyperX,LG
Sway,unknown,unknown,HyperX Cloud Alpha,Alienware AW2521H,unknown,unknown,HyperX,Alienware
Sweet,Artisan Ninja FX Zero Soft,HyperX Alloy FPS Pro,Bose QuietComfort 20,ASUS ROG SWIFT PG258Q,Artisan,HyperX,Bose,ASUS
Symfuhny,Logitech G640,Matrix x Symfuhny Keyboard,Sennheiser HD 700,ZOWIE XL2546K,Logitech,Matrix,Sennheiser,ZOWIE
SypherPK,ROCCAT Taito Control,ROCCAT Vulcan TKL Pro,JBL Quantum One,Alienware AW2518H,ROCCAT,ROCCAT,JBL,Alienware
TACO,SteelSeries QcK Heavy,Razer Huntsman TE,HyperX Cloud Alpha,ZOWIE XL2546 Divina Blue,SteelSeries,Razer,HyperX,ZOWIE
TENNN,VAXEE PA OUTSET,Logitech G915 TKL,Logitech G Pro X Headset,ZOWIE XL2546K,VAXEE,Logitech,Logitech,ZOWIE
TGLTN,Lethal Gaming Gear Saturn,Razer Huntsman Mini,Sennheiser IE 900 Pro,ZOWIE XL2546,Lethal,Razer,Sennheiser,ZOWIE
TMB,Razer Gigantus V2,Razer Huntsman V2 TKL,EPOS H6PRO White,ZOWIE XL2546,Razer,Razer,EPOS,ZOWIE
TOAO,ZOWIE G-SR,Ozone Gaming Strike Battle,Sennheiser GAME ZERO,ZOWIE XL2546K,ZOWIE,Ozone,Sennheiser,ZOWIE
TaZ,SteelSeries QcK Heavy,SteelSeries Apex M750 TKL,Logitech G Pro X Headset,ZOWIE XL2540,SteelSeries,SteelSeries,Logitech,ZOWIE
Tacolilla,Razer Gigantus V2,Varmilo VA87M Beijing Opera,Logitech G Pro X Headset,ZOWIE XL2546K,Razer,Varmilo,Logitech,ZOWIE
Taxi2g,Razer Gigantus V2,SteelSeries Apex Pro TKL,SteelSeries Arctis Pro,ASUS VG248QE,Razer,SteelSeries,SteelSeries,ASUS
TaySon,Razer Gigantus V2,SteelSeries Apex Pro TKL,HyperX Cloud II Wireless,ZOWIE XL2546K,Razer,SteelSeries,HyperX,ZOWIE
TeSeS,SteelSeries QcK Heavy,SteelSeries Apex Pro,HyperX Cloud II,ZOWIE XL2546K,SteelSeries,SteelSeries,HyperX,ZOWIE
Techno4K,ZOWIE G-SR,HyperX Alloy FPS Pro,HyperX Cloud II,ZOWIE XL2546K,ZOWIE,HyperX,HyperX,ZOWIE
Teeqzy,SteelSeries QcK Heavy,SteelSeries Apex Pro TKL,HyperX Cloud II,ZOWIE XL2546,SteelSeries,SteelSeries,HyperX,ZOWIE
TenZ,Artisan Ninja FX Zero XSoft,Xtrfy K5 Compact RGB,Xtrfy H1,ZOWIE XL2566K,Artisan,Xtrfy,Xtrfy,ZOWIE
Tfue,Artisan FX Hien Soft,Custom Keyboard,Sennheiser HD800 S,ZOWIE XL2546,Artisan,Custom,Sennheiser,ZOWIE
Th0masHD,Logitech G840,SteelSeries Apex Pro TKL,Logitech G Pro X Headset,ZOWIE XL2411T,Logitech,SteelSeries,Logitech,ZOWIE
Thiefs,SteelSeries QcK XXL,Anne Pro 2,SteelSeries Arctis Pro,ASUS VG248QE,SteelSeries,Anne,SteelSeries,ASUS
Thwifo,SteelSeries QcK+,SteelSeries Apex Pro TKL,Sennheiser GAME ONE,Alienware AW2521HF,SteelSeries,SteelSeries,Sennheiser,Alienware
Tilt,unknown,unknown,SteelSeries Arctis Pro,Acer Predator XB252Q,unknown,unknown,SteelSeries,Acer
Toose,Xtrfy GP4 Street Blue,Razer Huntsman TE,Sennheiser GAME ZERO,Acer Predator XN3,Xtrfy,Razer,Sennheiser,Acer
Tuurtle,unknown,HyperX Alloy FPS,HyperX Cloud II,ZOWIE XL2546K,unknown,HyperX,HyperX,ZOWIE
Twistzz,VAXEE PA Black,Razer Huntsman V2,SteelSeries Arctis Pro Nova Wireless,ZOWIE XL2546K,VAXEE,Razer,SteelSeries,ZOWIE
Typical Gamer,Razer Gigantus V2,SteelSeries Apex Pro,beyerdynamic DT 1990 PRO,Alienware AW2518H,Razer,SteelSeries,beyerdynamic,Alienware
USTILO,Logitech G640,Logitech G Pro X Keyboard,Logitech G Pro X Headset,Alienware AW2521HF,Logitech,Logitech,Logitech,Alienware
Unknown,SteelSeries QcK XXL,unknown,beyerdynamic DT 1990 PRO,Alienware AW2518H,SteelSeries,unknown,beyerdynamic,Alienware
VINI,Zowie G-SR-SE Rouge,Logitech G915 TKL,Xtrfy H1,ZOWIE XL2546K,Zowie,Logitech,Xtrfy,ZOWIE
Vadeal,Havit XXXL,Logitech G513,Logitech G Pro X Headset,ZOWIE XL2546K,Havit,Logitech,Logitech,ZOWIE
Valde,SteelSeries QcK Heavy,Logitech G413,SteelSeries Arctis Pro,ZOWIE XL2546,SteelSeries,Logitech,SteelSeries,ZOWIE
Vexite,Logitech G640,Logitech G Pro X Keyboard,Logitech G Pro X Headset,Alienware AW2521H,Logitech,Logitech,Logitech,Alienware
Victor,Zowie G-SR-SE Rouge,Razer BlackWidow V3 TKL,Razer BlackShark V2,ZOWIE XL2566K,Zowie,Razer,Razer,ZOWIE
Viss,Logitech G640 TSM Edition,Logitech G Pro Keyboard,ASTRO A40,ASUS ROG SWIFT PG258Q,Logitech,Logitech,ASTRO,ASUS
Vorwenn,Artisan Ninja FX Zero Mid,Razer Huntsman TE,SteelSeries Arctis Prime,Alienware AW2518H,Artisan,Razer,SteelSeries,Alienware
WOOD7,Zowie G-SR-SE Rouge,Logitech G915 TKL,Logitech G Pro X Wireless Headset,ZOWIE XL2546K,Zowie,Logitech,Logitech,ZOWIE
Walco,ZOWIE G-SR,Ducky One 3 Mini Pure White,Sennheiser GAME ZERO,ZOWIE XL2546K,ZOWIE,Ducky,Sennheiser,ZOWIE
Wanted,Artisan Hayate Otsu XSoft,Ducky One 2 TKL,Apple EarPods,ZOWIE XL2540,Artisan,Ducky,Apple,ZOWIE
Wardell,Logitech G640,Logitech G Pro X Keyboard,Logitech G Pro X Headset,ZOWIE XL2546,Logitech,Logitech,Logitech,ZOWIE
Will,Artisan Ninja FX Zero Mid,Ducky One 2 TKL White,EPOS H6PRO White,ZOWIE XL2546K,Artisan,Ducky,EPOS,ZOWIE
Wolfiez,unknown,unknown,HyperX Cloud Alpha,Omen X25F,unknown,unknown,HyperX,Omen
Wolfy,ZOWIE G-SR-SE Red,Logitech G Pro X Keyboard,HyperX Cloud II,ZOWIE XL2546,ZOWIE,Logitech,HyperX,ZOWIE
Woro2k,Razer Gigantus V2,Razer Huntsman Elite,HyperX Cloud II,ZOWIE XL2546,Razer,Razer,HyperX,ZOWIE
X5G7V,unknown,unknown,unknown,ZOWIE XL2546K,unknown,unknown,unknown,ZOWIE
XANTARES,Logitech G640,Corsair K70 RGB MK.2,Corsair Void RGB Elite White,ZOWIE XL2546K,Logitech,Corsair,Corsair,ZOWIE
XELLOW,Logitech G640,Logitech G Pro X Keyboard,Logitech G Pro X Headset,ZOWIE XL2546K,Logitech,Logitech,Logitech,ZOWIE
Xand,VAXEE PA ZYGEN,Logitech G915 TKL,HyperX Cloud Alpha,ZOWIE XL2546K,VAXEE,Logitech,HyperX,ZOWIE
Xdll,SteelSeries QcK Edge,unknown,unknown,ZOWIE XL2546K,SteelSeries,unknown,unknown,ZOWIE
Xepher,Razer Gigantus,Razer Blackwidow Chroma TE V2,Razer Kraken Pro V2,HP OMEN 24.5″,Razer,Razer,Razer,HP
Xeppaa,SteelSeries QcK Heavy,HyperX Alloy Origins Core,HyperX Cloud II,ZOWIE XL2546K,SteelSeries,HyperX,HyperX,ZOWIE
XigN,SteelSeries QcK Heavy,HyperX Alloy FPS,HyperX Cloud Revolver S,ZOWIE XL2546,SteelSeries,HyperX,HyperX,ZOWIE
Xizt,HyperX Fury S Speed Edition,HyperX Alloy Origins Core,HyperX Cloud Alpha,ZOWIE XL2540,HyperX,HyperX,HyperX,ZOWIE
Xyp9x,Logitech G640,Logitech G Pro X Keyboard,Logitech G Pro X Headset,ZOWIE XL2546K,Logitech,Logitech,Logitech,ZOWIE
YEKINDAR,VAXEE PA Black,HyperX Alloy FPS RGB,HyperX Cloud II,ZOWIE XL2546K,VAXEE,HyperX,HyperX,ZOWIE
YukaF,Artisan Hayate Otsu XSoft,Ducky One 2 Mini Pure White,unknown,ZOWIE XL2546K,Artisan,Ducky,unknown,ZOWIE
Yuki,Razer Gigantus V2,Razer Huntsman Mini,Razer Hammerhead Pro V2,unknown,Razer,Razer,Razer,unknown
ZEDKO,VAXEE PA Winter 21,Xtrfy K4 TKL RGB,Xtrfy H2,ZOWIE XL2546K,VAXEE,Xtrfy,Xtrfy,ZOWIE
ZOREE,Logitech G640,Ducky One 2,HyperX Cloud II,ASUS ROG SWIFT PG259QN,Logitech,Ducky,HyperX,ASUS
ZachaREEE,ZOWIE G-SR-SE Deep Blue,Varmilo VA87M Summit,Sennheiser GAME ONE,ASUS ROG SWIFT PG258Q,ZOWIE,Varmilo,Sennheiser,ASUS
Zachmazer,HyperX Fury S Pro,Logitech G Pro X Keyboard,unknown,ZOWIE XL2546K,HyperX,Logitech,unknown,ZOWIE
Zander,Zowie G-SR-SE Rouge,Xtrfy K4 TKL RGB,HyperX Cloud II Wireless,ZOWIE XL2546,Zowie,Xtrfy,HyperX,ZOWIE
Zayt,ZOWIE G-SR-SE,Ducky One 2 Mini,beyerdynamic DT 990 Pro,Alienware AW2521H,ZOWIE,Ducky,beyerdynamic,Alienware
Zeek,Artisan FX Hien Soft,Logitech G Pro X Keyboard,Logitech G Pro X Headset,ZOWIE XL2540,Artisan,Logitech,Logitech,ZOWIE
Zekken,Gamesense Radar,Wooting 60 HE,unknown,ZOWIE XL2546,Gamesense,Wooting,unknown,ZOWIE
Zellsis,Artisan Ninja FX Zero Soft,Gamesense Clutch,Sennheiser GAME ZERO,ZOWIE XL2546,Artisan,Gamesense,Sennheiser,ZOWIE
Zemie,unknown,Kraken Pro 60,HyperX Cloud II,Alienware AW2521HF,unknown,Kraken,HyperX,Alienware
Zero,Artisan Ninja FX Zero Soft,Custom Keyboard,beyerdynamic DT 900 Pro X,ZOWIE XL2546,Artisan,Custom,beyerdynamic,ZOWIE
Zest,ZOWIE G-SR,Razer Huntsman V2 TKL,Razer BlackShark V2 Pro,ZOWIE XL2546K,ZOWIE,Razer,Razer,ZOWIE
Zeus,ZOWIE G-SR,HyperX Alloy FPS Pro,HyperX Cloud Flight,ZOWIE XL2540,ZOWIE,HyperX,HyperX,ZOWIE
ZexRow,Logitech G640,Logitech G Pro X Keyboard,Logitech G Pro X Headset,ASUS ROG SWIFT PG258Q,Logitech,Logitech,Logitech,ASUS
ZmjjKK,Artisan Ninja FX Zero Soft,unknown,unknown,ZOWIE XL2546K,Artisan,unknown,unknown,ZOWIE
Znorux,Corsair MM800 Polaris,Custom Keyboard,Corsair Virtuoso White,ZOWIE XL2546,Corsair,Custom,Corsair,ZOWIE
Zyphon,Zowie G-SR-SE Rouge,Razer BlackWidow V3 TKL,Razer BlackShark V2 Pro,AOC AG251FZ,Zowie,Razer,Razer,AOC
Zyppan,Zowie G-SR-SE Rouge,unknown,unknown,unknown,Zowie,unknown,unknown,unknown
ZywOo,Lethal Gaming Gear Saturn Pro Red,Wooting 60 HE,Corsair HS80,ZOWIE XL2546K,Lethal,Wooting,Corsair,ZOWIE
ableJ,SteelSeries QcK Heavy,HyperX Alloy FPS RGB,HyperX Cloud II,ZOWIE XL2540,SteelSeries,HyperX,HyperX,ZOWIE
aceu,ZOWIE G-SR-SE Deep Blue,Ducky One 2 TKL,Apple EarPods,ZOWIE XL2546,ZOWIE,Ducky,Apple,ZOWIE
acoR,ZOWIE G-SR,Razer Huntsman V2 TKL,Razer BlackShark V2,ZOWIE XL2546,ZOWIE,Razer,Razer,ZOWIE
adreN,Razer Gigantus,Razer Huntsman Elite,HyperX Cloud II,ZOWIE XL2540,Razer,Razer,HyperX,ZOWIE
adverso,X-raypad Aqua Control+,Varmilo VA87M Summit,HyperX Cloud II Wireless,unknown,X-raypad,Varmilo,HyperX,unknown
afro,HyperX Fury S Speed Edition,Cooler Master Masterkeys Pro S,Logitech G Pro X Headset,ZOWIE XL2546K,HyperX,Cooler,Logitech,ZOWIE
aimdll,ZOWIE G-SR,Razer BlackWidow Elite,HyperX Cloud II,ZOWIE XL2546K,ZOWIE,Razer,HyperX,ZOWIE
aizy,ZOWIE G-SR,HyperX Alloy FPS,Sennheiser GSP 600,ZOWIE XL2546,ZOWIE,HyperX,Sennheiser,ZOWIE
al0rante,Razer Gigantus V2,Razer Huntsman TE,Razer BlackShark V2,ZOWIE XL2546,Razer,Razer,Razer,ZOWIE
alex,VAXEE PA ZYGEN,Logitech G Pro X Keyboard,HyperX Cloud II,ZOWIE XL2546K,VAXEE,Logitech,HyperX,ZOWIE
aliStair,ZOWIE G-SR,Logitech G Pro X Keyboard,Logitech G Pro X Headset,ZOWIE XL2546K,ZOWIE,Logitech,Logitech,ZOWIE
allu,Logitech G640 ENCE Edition,Logitech G Pro Keyboard,Logitech G Pro X Headset,ASUS ROG SWIFT PG259QN,Logitech,Logitech,Logitech,ASUS
anarkez,VAXEE PA FunSpark,Custom Keyboard,Logitech G Pro X Headset,ZOWIE XL2546,VAXEE,Custom,Logitech,ZOWIE
apEX,ZOWIE G-SR-SE Dark Grey,Corsair K70 RGB MK.2,JBL Quantum One,ZOWIE XL2546K,ZOWIE,Corsair,JBL,ZOWIE
aproto,Razer Gigantus V2,Razer BlackWidow V3 TKL,HyperX Cloud II,ZOWIE XL2546K,Razer,Razer,HyperX,ZOWIE
aqua,Havit XXXL,SteelSeries Apex Pro TKL,Logitech G430,Alienware AW2518H,Havit,SteelSeries,Logitech,Alienware
arT,Esports Tiger Wuxiang 2 North Tortoise,HyperX Alloy FPS RGB,HyperX Cloud Revolver,ZOWIE XL2546K,Esports,HyperX,HyperX,ZOWIE
ardiis,Artisan FX Hien Soft,Logitech G Pro X Keyboard,Logitech G Pro X Headset,AOC AG251FZ2E,Artisan,Logitech,Logitech,AOC
arki,Corsair MM350 Champion Series,Ducky One 2 Mini,HyperX Cloud II,ZOWIE XL2546K,Corsair,Ducky,HyperX,ZOWIE
aspas,Artisan Ninja FX Zero Soft,Logitech G915 TKL White,HyperX Cloud II,ASUS TUF VG259QM,Artisan,Logitech,HyperX,ASUS
autimatic,Logitech G640,HyperX Alloy Origins Core,Logitech G Pro X Headset,ZOWIE XL2546S,Logitech,HyperX,Logitech,ZOWIE
b0RUP,SteelSeries QcK Heavy,HyperX Alloy FPS,HyperX Cloud II,ZOWIE XL2546,SteelSeries,HyperX,HyperX,ZOWIE
b0i,VAXEE PA ZYGEN,Ducky One 2,HyperX Cloud II,ZOWIE XL2540,VAXEE,Ducky,HyperX,ZOWIE
b1t,ZOWIE G-SR,Logitech G Pro X Keyboard,Logitech G Pro X Headset,ZOWIE XL2546,ZOWIE,Logitech,Logitech,ZOWIE
b4rtiN,SteelSeries QcK Heavy,HyperX Alloy FPS,HyperX Cloud II,ZOWIE XL2546K,SteelSeries,HyperX,HyperX,ZOWIE
bLitz,ZOWIE G-SR,HyperX Alloy FPS,HyperX Cloud II,ZOWIE XL2546K,ZOWIE,HyperX,HyperX,ZOWIE
babybay,Zowie G-SR-SE Rouge,Logitech G Pro X Keyboard,HyperX Cloud Alpha,ZOWIE XL2546,Zowie,Logitech,HyperX,ZOWIE
balblna,ZOWIE G-SR-SE,Ozone Gaming Strike Battle,Sennheiser GSP 600,ZOWIE XL2546,ZOWIE,Ozone,Sennheiser,ZOWIE
bang,Logitech G640,Logitech G Pro Keyboard,Logitech G Pro X Headset,ASUS VG248QE,Logitech,Logitech,Logitech,ASUS
beastik,Xtrfy GP1,Xtrfy K4 TKL RGB,Xtrfy H2,ZOWIE XL2546K,Xtrfy,Xtrfy,Xtrfy,ZOWIE
benjyfishy,Gamesense Radar,Wooting 60 HE,beyerdynamic DT 700 PRO X,HP OMEN 24.5″,Gamesense,Wooting,beyerdynamic,HP
biguzera,HyperX Fury S Speed Edition,Razer Blackwidow TE,Sennheiser GAME ONE,ZOWIE XL2546K,HyperX,Razer,Sennheiser,ZOWIE
birdfromsky,unknown,Xtrfy K4 TKL RGB,HyperX Cloud II,ZOWIE XL2546K,unknown,Xtrfy,HyperX,ZOWIE
bit,Logitech G640,Logitech G Pro X Keyboard,Logitech G Pro X Headset,ZOWIE XL2546K,Logitech,Logitech,Logitech,ZOWIE
blackoutz,Inked Gaming Custom Mousepad,SteelSeries Apex Pro Mini,beyerdynamic DT 990 Pro,ASUS ROG SWIFT PG259QN,Inked,SteelSeries,beyerdynamic,ASUS
blameF,Logitech G640,Logitech G512,Logitech G Pro X Headset,ZOWIE XL2540,Logitech,Logitech,Logitech,ZOWIE
blocker,Logitech G640,HyperX Alloy FPS,Sennheiser GSP 600,ZOWIE XL2546K,Logitech,HyperX,Sennheiser,ZOWIE
boX,SteelSeries QcK Heavy,Logitech G Pro X Keyboard,HyperX Cloud II,ZOWIE XL2546K,SteelSeries,Logitech,HyperX,ZOWIE
bodyy,Logitech G640,Logitech G810,Logitech G433,ZOWIE XL2546K,Logitech,Logitech,Logitech,ZOWIE
boltz,SteelSeries QcK+,Fallen Falcão-Peregrino V3,Fallen Morcego Preto,ZOWIE XL2546K,SteelSeries,Fallen,Fallen,ZOWIE
bondik,SteelSeries QcK Heavy,Xtrfy K2 RGB,HyperX Cloud II,ZOWIE XL2546,SteelSeries,Xtrfy,HyperX,ZOWIE
brax,SteelSeries QcK Heavy,Logitech G Pro X Keyboard,Sennheiser HD 600,ZOWIE XL2546S,SteelSeries,Logitech,Sennheiser,ZOWIE
brnz4n,SteelSeries QcK Heavy,HyperX Alloy FPS Pro,HyperX Cloud II,ZOWIE XL2546K,SteelSeries,HyperX,HyperX,ZOWIE
broky,Artisan Ninja FX Zero Soft,SteelSeries Apex 7 TKL Ghost,SteelSeries Arctis Pro Nova Wireless,ZOWIE XL2546,Artisan,SteelSeries,SteelSeries,ZOWIE
bubble,SteelSeries QcK Heavy,Xtrfy K2 RGB,Xtrfy H1,ZOWIE XL2546,SteelSeries,Xtrfy,Xtrfy,ZOWIE
buda,unknown,unknown,unknown,ZOWIE XL2546K,unknown,unknown,unknown,ZOWIE
buster,VAXEE PA P22,HyperX Alloy Elite 2,HyperX Cloud Alpha S,ZOWIE XL2546K,VAXEE,HyperX,HyperX,ZOWIE
byali,Logitech G640,Xtrfy K4 TKL RGB,Sennheiser GAME ZERO,ASUS ROG SWIFT PG259QN,Logitech,Xtrfy,Sennheiser,ASUS
cNed,SteelSeries QcK Heavy,Xtrfy K4 TKL RGB White,HyperX Cloud II,ZOWIE XL2546K,SteelSeries,Xtrfy,HyperX,ZOWIE
cadiaN,SteelSeries QcK Heavy,Xtrfy K4 TKL RGB White,SteelSeries Arctis Pro,ZOWIE XL2546K,SteelSeries,Xtrfy,SteelSeries,ZOWIE
cajunb,SteelSeries QcK Heavy,Xtrfy K2 RGB White,Sennheiser GSP 600,ZOWIE XL2546,SteelSeries,Xtrfy,Sennheiser,ZOWIE
captainMo,ZOWIE G-SR,Xtrfy K4 TKL RGB,Sennheiser GAME ZERO,ZOWIE XL2546,ZOWIE,Xtrfy,Sennheiser,ZOWIE
cauanzin,VAXEE PA ZYGEN,Logitech G Pro X Keyboard,Razer BlackShark V2,ASUS TUF VG279QM,VAXEE,Logitech,Razer,ASUS
chelo,VAXEE PA FunSpark,Razer BlackWidow V3 Quartz,HyperX Cloud Alpha,ZOWIE XL2546,VAXEE,Razer,HyperX,ZOWIE
chocoTaco,Logitech G640,Logitech G Pro X Keyboard,Logitech G Pro X Headset,Acer Predator XB241H,Logitech,Logitech,Logitech,Acer
chopper,ZOWIE G-SR-SE Deep Blue,Ducky One 2 TKL,HyperX Cloud II,ZOWIE XL2546K,ZOWIE,Ducky,HyperX,ZOWIE
clarityG,ZOWIE G-SR-SE Deep Blue,SteelSeries Apex Pro TKL,HyperX Cloud II,Alienware AW2518H,ZOWIE,SteelSeries,HyperX,Alienware
clax,Logitech G640,Logitech G Pro Keyboard,Logitech G Pro X Headset,ZOWIE XL2546,Logitech,Logitech,Logitech,ZOWIE
coldzera,VAXEE PA FunSpark V2,HyperX Alloy Elite,HyperX Cloud II Wireless,ZOWIE XL2546,VAXEE,HyperX,HyperX,ZOWIE
crashies,Razer Strider,Razer BlackWidow V3 TKL,Razer BlackShark V2,ZOWIE XL2546,Razer,Razer,Razer,ZOWIE
cromen,SteelSeries QcK Heavy,SteelSeries Apex M750,HyperX Cloud II,ZOWIE XL2540,SteelSeries,SteelSeries,HyperX,ZOWIE
crow,Esports Tiger EBA,Logitech G915 TKL,Logitech G Pro X Headset,ZOWIE XL2546K,Esports,Logitech,Logitech,ZOWIE
crush,ZOWIE G-SR-SE,Custom Keyboard,HyperX Cloud Alpha,ZOWIE XL2546,ZOWIE,Custom,HyperX,ZOWIE
curry,Artisan Ninja FX Zero XSoft,Ducky One 2 TKL,Logitech G Pro X Headset,ZOWIE XL2540,Artisan,Ducky,Logitech,ZOWIE
d3ffo,VAXEE PA ZYGEN,Logitech G Pro Keyboard,Sennheiser GAME ZERO,ZOWIE XL2546,VAXEE,Logitech,Sennheiser,ZOWIE
d4v41,SteelSeries QcK Heavy,HyperX Alloy FPS RGB,Razer Hammerhead Pro V2,ZOWIE XL2546,SteelSeries,HyperX,Razer,ZOWIE
dafran,Logitech G640,Corsair K65 TKL,Sennheiser GAME ZERO,Omen X25F,Logitech,Corsair,Sennheiser,Omen
danoco,Logitech G640,Ducky One 2 Mini,HyperX Cloud Alpha S,ZOWIE XL2546,Logitech,Ducky,HyperX,ZOWIE
dapr,ZOWIE G-SR-SE Deep Blue,Corsair K70 RGB TKL,HyperX Cloud II,ZOWIE XL2546,ZOWIE,Corsair,HyperX,ZOWIE
daps,SteelSeries QcK Heavy,HyperX Alloy Origins Core,beyerdynamic DT 770 Pro,HP OMEN X 27,SteelSeries,HyperX,beyerdynamic,HP
dav1d,ZOWIE G-SR,Logitech G Pro X Keyboard,Logitech G Pro X Headset,ZOWIE XL2546K,ZOWIE,Logitech,Logitech,ZOWIE
dav1g,VAXEE PA ZYGEN,Logitech G915 TKL White,HyperX Cloud II,ZOWIE XL2546K,VAXEE,Logitech,HyperX,ZOWIE
degster,ZOWIE G-SR,Razer Huntsman V2,HyperX Cloud II Wireless,ZOWIE XL2546K,ZOWIE,Razer,HyperX,ZOWIE
deko,ZOWIE G-SR-SE Deep Blue,Logitech G Pro Keyboard,Logitech G Pro X Headset,ZOWIE XL2546K,ZOWIE,Logitech,Logitech,ZOWIE
delz1k,VAXEE PA Black,HyperX Alloy FPS Pro,HyperX Cloud Flight,ZOWIE XL2546K,VAXEE,HyperX,HyperX,ZOWIE
denis,Corsair MM100,Ducky One 2,Corsair Void RGB Elite White,ZOWIE XL2540,Corsair,Ducky,Corsair,ZOWIE
dennis,Razer Gigantus Elite,Razer Huntsman V2 TKL,Razer BlackShark V2 Pro,ASUS ROG SWIFT PG259QN,Razer,Razer,Razer,ASUS
dephh,Razer Gigantus V2,HyperX Alloy FPS,unknown,ZOWIE XL2411T,Razer,HyperX,unknown,ZOWIE
derrek,Zowie G-SR-SE Rouge,SteelSeries Apex 7 TKL Ghost,HyperX Cloud II,ZOWIE XL2546K,Zowie,SteelSeries,HyperX,ZOWIE
dev1ce,Logitech G640,Logitech G Pro X Keyboard,Logitech G Pro X Headset,ZOWIE XL2546 Divina Pink,Logitech,Logitech,Logitech,ZOWIE
devoduvek,ZOWIE G-SR,ZOWIE Celeritas II,HyperX Cloud II,ZOWIE XL2546K,ZOWIE,ZOWIE,HyperX,ZOWIE
dexter,Razer Gigantus V2,Razer Huntsman V2 TKL,Razer BlackShark V2,ASUS ROG SWIFT PG259QN,Razer,Razer,Razer,ASUS
dgt,SteelSeries QcK Heavy,Logitech G Pro X Keyboard,HyperX Cloud II,ZOWIE XL2546K,SteelSeries,Logitech,HyperX,ZOWIE
dgzin,SkyPAD 3.0,HyperX Alloy Origins Core,unknown,ZOWIE XL2546K,SkyPAD,HyperX,unknown,ZOWIE
dicey,Artisan Ninja FX Zero Soft,Ducky One 2 Mini,Sennheiser GAME ONE,ZOWIE XL2546K,Artisan,Ducky,Sennheiser,ZOWIE
dimasick,Artisan Ninja FX Zero Soft,HyperX Alloy Origins,HyperX Cloud Alpha,ZOWIE XL2546,Artisan,HyperX,HyperX,ZOWIE
dooplex,Razer Strider,Razer Huntsman V2 TKL,Razer BlackShark V2 Pro,MSI Optix G271,Razer,Razer,Razer,MSI
doto,Logitech G640 ENCE Edition,Logitech G Pro Keyboard,Logitech G Pro X Headset,ASUS ROG SWIFT PG259QN,Logitech,Logitech,Logitech,ASUS
draken,Xtrfy GP1 draken,Xtrfy K4 TKL RGB,HyperX Cloud II,ZOWIE XL2546K,Xtrfy,Xtrfy,HyperX,ZOWIE
drop,ZOWIE G-SR,Logitech G Pro X Keyboard,HyperX Cloud Alpha,ZOWIE XL2546K,ZOWIE,Logitech,HyperX,ZOWIE
dumau,Logitech G640,Razer Huntsman V2,Sennheiser GAME ZERO,ZOWIE XL2546K,Logitech,Razer,Sennheiser,ZOWIE
dupreeh,VAXEE PA Summer22,Logitech G Pro X Keyboard,Corsair HS80,ZOWIE XL2546,VAXEE,Logitech,Corsair,ZOWIE
dycha,Zowie G-SR-SE Rouge,Logitech G413,Logitech G Pro X Headset,ZOWIE XL2540,Zowie,Logitech,Logitech,ZOWIE
ec1s,ZOWIE G-SR-SE Sweden Edition,Logitech G Pro X Keyboard,Logitech G Pro X Headset,ZOWIE XL2546,ZOWIE,Logitech,Logitech,ZOWIE
eeiu,Artisan Hayate Otsu XSoft,unknown,unknown,ZOWIE XL2546,Artisan,unknown,unknown,ZOWIE
effys,Logitech G640,Razer Huntsman Mini,HyperX Cloud II Wireless,ZOWIE XL2546K,Logitech,Razer,HyperX,ZOWIE
electronic,Logitech G640,Logitech G915 TKL White,Logitech G Pro X Wireless Headset,ZOWIE XL2546K,Logitech,Logitech,Logitech,ZOWIE
emi,ZOWIE G-SR-SE Deep Blue,Xtrfy K2 RGB,HyperX Cloud Flight S,ZOWIE XL2546K,ZOWIE,Xtrfy,HyperX,ZOWIE
eraa,unknown,unknown,unknown,ZOWIE XL2546K,unknown,unknown,unknown,ZOWIE
erkaSt,Xtrfy GP1,Xtrfy K2 RGB,HyperX Cloud II,ZOWIE XL2546K,Xtrfy,Xtrfy,HyperX,ZOWIE
es3tag,Razer Gigantus V2,Razer Huntsman V2 TKL,Razer BlackShark V2,ZOWIE XL2546K,Razer,Razer,Razer,ZOWIE
ethos,VAXEE PA ZYGEN,Custom Keyboard,HyperX Cloud II,ZOWIE XL2546,VAXEE,Custom,HyperX,ZOWIE
exit,ZOWIE G-SR,HyperX Alloy Origins Core,HyperX Cloud II,ZOWIE XL2546,ZOWIE,HyperX,HyperX,ZOWIE
f0rest,Xtrfy GPZ1,HyperX Alloy Origins,HyperX Cloud II Wireless,ZOWIE XL2546K,Xtrfy,HyperX,HyperX,ZOWIE
f0rsakeN,Logitech G740,HyperX Alloy Origins Core,HyperX Cloud II,ZOWIE XL2546K,Logitech,HyperX,HyperX,ZOWIE
fANDER,ZOWIE G-SR,Logitech G915 TKL,HyperX Cloud Alpha S,ZOWIE XL2546K,ZOWIE,Logitech,HyperX,ZOWIE
facecrack,ZOWIE G-SR-SE,Cooler Master Storm Rapid-I,HyperX Cloud II,ZOWIE XL2546,ZOWIE,Cooler,HyperX,ZOWIE
fame,Logitech G640,Xtrfy K4 TKL RGB White,HyperX Cloud II,ZOWIE XL2546K,Logitech,Xtrfy,HyperX,ZOWIE
faveN,Corsair MM250,Corsair K65 RGB MINI 60% White,Corsair Void Pro,ZOWIE XL2546,Corsair,Corsair,Corsair,ZOWIE
fear,Xtrfy GP4 Street Blue,Logitech G Pro X Keyboard,Logitech G Pro X Headset,ZOWIE XL2546K,Xtrfy,Logitech,Logitech,ZOWIE
felps,Logitech G640,HyperX Alloy FPS,Fallen Morcego White,ZOWIE XL2546K,Logitech,HyperX,Fallen,ZOWIE
fer,SteelSeries QcK Heavy,Fallen Falcão-Peregrino V3,Bose QuietComfort 20,ZOWIE XL2546,SteelSeries,Fallen,Bose,ZOWIE
fitch,SteelSeries QcK+,SteelSeries Apex M500,HyperX Cloud Alpha,ZOWIE XL2540,SteelSeries,SteelSeries,HyperX,ZOWIE
fl0m,SteelSeries QcK Heavy,SteelSeries Apex M750,SteelSeries Arctis Nova Pro,Samsung Odyssey G7,SteelSeries,SteelSeries,SteelSeries,Samsung
flameZ,Lethal Gaming Gear Saturn,SteelSeries Apex Pro TKL,Logitech G Pro X Headset,ZOWIE XL2546,Lethal,SteelSeries,Logitech,ZOWIE
flamie,VAXEE PA ZYGEN,Logitech G915 TKL,Logitech G Pro X Headset,ZOWIE XL2546K,VAXEE,Logitech,Logitech,ZOWIE
floppy,Artisan Ninja FX Zero Soft,HyperX Alloy Origins Core,Sennheiser GSP 600,ZOWIE XL2546,Artisan,HyperX,Sennheiser,ZOWIE
flusha,VAXEE PA Y22,HyperX Alloy FPS Pro,Fnatic REACT,ZOWIE XL2540,VAXEE,HyperX,Fnatic,ZOWIE
fnx,ZOWIE G-SR-SE Deep Blue,Fallen Ace,Fallen Morcego Preto,AOC AG251FZ,ZOWIE,Fallen,Fallen,AOC
forsyy,unknown,unknown,unknown,ZOWIE XL2546K,unknown,unknown,unknown,ZOWIE
fostar,Hator Out of Space,Logitech G Pro X Keyboard,Logitech G Pro X Headset,ZOWIE XL2546K,Hator,Logitech,Logitech,ZOWIE
fox,Custom Mousepad,Ozone Gaming Strike Pro,HyperX Cloud II,ZOWIE XL2546,Custom,Ozone,HyperX,ZOWIE
foxz,Logitech G640,Custom Keyboard,Logitech G Pro X Headset,ZOWIE XL2546K,Logitech,Custom,Logitech,ZOWIE
freakazoid,Gamesense Radar,Logitech G Pro X Keyboard,HyperX Cloud II,ZOWIE XL2546S,Gamesense,Logitech,HyperX,ZOWIE
friberg,HyperX Fury S Speed Edition,HyperX Alloy Origins,HyperX Cloud Alpha,ZOWIE XL2546,HyperX,HyperX,HyperX,ZOWIE
frozen,Razer Gigantus V2,Razer Huntsman V2 TKL,Razer BlackShark V2,ZOWIE XL2546,Razer,Razer,Razer,ZOWIE
frttt,HyperX Fury S Pro,HyperX Alloy FPS,HyperX Cloud II,ZOWIE XL2546K,HyperX,HyperX,HyperX,ZOWIE
gAuLeS,Razer Gigantus V2,Razer Huntsman Mini,Razer BlackShark V2,ZOWIE XL2546,Razer,Razer,Razer,ZOWIE
gade,ZOWIE G-SR,HyperX Alloy FPS,Corsair HS80,ZOWIE XL2546,ZOWIE,HyperX,Corsair,ZOWIE
gla1ve,Logitech G640,Logitech G Pro X Keyboard,Logitech G Pro X Headset,ZOWIE XL2546K,Logitech,Logitech,Logitech,ZOWIE
governor,unknown,Ducky One 3 Mini,beyerdynamic DT 990 Pro,ZOWIE XL2740,unknown,Ducky,beyerdynamic,ZOWIE
gxx,unknown,Razer Huntsman V2,HyperX Cloud II,ZOWIE XL2546K,unknown,Razer,HyperX,ZOWIE
h4rn,HyperX Fury S Speed Edition,HyperX Alloy Origins,HyperX Cloud Alpha S,ZOWIE XL2546K,HyperX,HyperX,HyperX,ZOWIE
hAdji,Corsair MM200,Logitech G Pro Keyboard,Sennheiser GSP 600,ZOWIE XL2546,Corsair,Logitech,Sennheiser,ZOWIE
hades,ZOWIE G-SR,Logitech G915 TKL,Logitech G Pro X Headset,AlienWare AW2518HF,ZOWIE,Logitech,Logitech,AlienWare
hallzerk,HyperX Fury S Pro,HyperX Alloy Origins Core,HyperX Cloud Alpha,ZOWIE XL2546,HyperX,HyperX,HyperX,ZOWIE
hampus,Razer Gigantus V2,Razer Huntsman V2 TKL,Razer BlackShark V2,ZOWIE XL2546K,Razer,Razer,Razer,ZOWIE
hardzao,SteelSeries QcK Heavy,Razer BlackWidow V3 TKL,Razer Kraken 7.1 Mercury White Edition,ZOWIE XL2546K,SteelSeries,Razer,Razer,ZOWIE
hazed,Logitech G640,Logitech G Pro X Keyboard,Logitech G Pro X Headset,ASUS ROG SWIFT PG259QN,Logitech,Logitech,Logitech,ASUS
headtr1ck,Xtrfy GP4,unknown,unknown,ZOWIE XL2546K,Xtrfy,unknown,unknown,ZOWIE
honda,VAXEE PA FunSpark,HyperX Alloy Origins Core,HyperX Cloud II,Alienware AW2518H,VAXEE,HyperX,HyperX,Alienware
hoody,Logitech G640,unknown,Logitech G Pro X Headset,ZOWIE XL2546K,Logitech,unknown,Logitech,ZOWIE
huNter,Logitech G640,Logitech G715,Logitech G Pro X Headset,ZOWIE XL2546,Logitech,Logitech,Logitech,ZOWIE
hutji,ZOWIE G-SR,HyperX Alloy FPS,HyperX Cloud II,ZOWIE XL2546,ZOWIE,HyperX,HyperX,ZOWIE
iDISBALANCE,Logitech G640,Logitech G Pro X Keyboard,Sennheiser GAME ZERO,ZOWIE XL2546K,Logitech,Logitech,Sennheiser,ZOWIE
iM,unknown,unknown,HyperX Cloud II,ZOWIE XL2546K,unknown,unknown,HyperX,ZOWIE
ibiza,ZOWIE G-SR-SE,Ducky One 2 Mini,Bose QuietComfort 20,Alienware AW2518H,ZOWIE,Ducky,Bose,Alienware
iiTzTimmy,Logitech G840 Shroud Edition,Higround Summit 65,Logitech G Pro X Headset Shroud Edition,ZOWIE XL2740,Logitech,Higround,Logitech,ZOWIE
imoRR,VAXEE PA OUTSET,HyperX Alloy FPS,HyperX Cloud II Wireless,ZOWIE XL2546K,VAXEE,HyperX,HyperX,ZOWIE
innocent,ZOWIE G-SR-SE Dark Grey,Logitech G Pro Keyboard,Logitech G Pro X Headset,ASUS ROG SWIFT PG259QN,ZOWIE,Logitech,Logitech,ASUS
innocents,unknown,unknown,ASTRO A40,Alienware AW2518H,unknown,unknown,ASTRO,Alienware
interz,Zowie G-SR-SE Rouge,Logitech G513,HyperX Cloud Alpha,ZOWIE XL2546,Zowie,Logitech,HyperX,ZOWIE
isak,unknown,unknown,unknown,ZOWIE XL2546K,unknown,unknown,unknown,ZOWIE
itsJerian,Custom Mousepad,Wooting 60 HE,HyperX Cloud Alpha,Alienware AW2521H,Custom,Wooting,HyperX,Alienware
jL,Razer Gigantus V2,Razer BlackWidow V3 Pro,SteelSeries Arctis 7,Alienware AW2518H,Razer,Razer,SteelSeries,Alienware
jR,ZOWIE G-SR-SE,HyperX Alloy FPS,HyperX Cloud II,ZOWIE XL2546,ZOWIE,HyperX,HyperX,ZOWIE
jabbi,Razer Gigantus V2,Xtrfy K4 TKL RGB,Razer BlackShark V2 Pro,ZOWIE XL2546,Razer,Xtrfy,Razer,ZOWIE
jacobbb,unknown,unknown,SteelSeries Arctis Pro,Alienware AW2518H,unknown,unknown,SteelSeries,Alienware
jedqr,ZOWIE G-SR-SE,HyperX Alloy Origins,HyperX Cloud II,ZOWIE XL2546K,ZOWIE,HyperX,HyperX,ZOWIE
jemi,SteelSeries QcK+,Logitech G Pro X Keyboard,HyperX Cloud II,ASUS ROG SWIFT PG259QN,SteelSeries,Logitech,HyperX,ASUS
jkaem,SteelSeries QcK Heavy,HyperX Alloy FPS,HyperX Cloud II,ZOWIE XL2546,SteelSeries,HyperX,HyperX,ZOWIE
jks,SteelSeries QcK Heavy,Logitech G715,HyperX Cloud II,ZOWIE XL2546K,SteelSeries,Logitech,HyperX,ZOWIE
jmqa,ZOWIE G-SR,HyperX Alloy FPS,Logitech G Pro X Headset,ZOWIE XL2540,ZOWIE,HyperX,Logitech,ZOWIE
jnt,SteelSeries QcK Heavy,Razer BlackWidow X Chroma Mercury,HyperX Cloud II,ZOWIE XL2546K,SteelSeries,Razer,HyperX,ZOWIE
joel,SteelSeries QcK Heavy,Logitech G Pro X Keyboard,Logitech G Pro X Headset,ZOWIE XL2546K,SteelSeries,Logitech,Logitech,ZOWIE
juanflatroo,Razer Gigantus V2,HyperX Alloy FPS,HyperX Cloud II,ZOWIE XL2546K,Razer,HyperX,HyperX,ZOWIE
junior,ZOWIE G-SR,HyperX Alloy Origins,HyperX Cloud II,ZOWIE XL2546,ZOWIE,HyperX,HyperX,ZOWIE
k0nfig,Logitech G640,Logitech G Pro X Keyboard,Logitech G Pro X Headset,ZOWIE XL2546,Logitech,Logitech,Logitech,ZOWIE
k1to,VAXEE PA Black,Corsair K63,Corsair Void Pro White,ZOWIE XL2546K,VAXEE,Corsair,Corsair,ZOWIE
kNgV-,SteelSeries QcK Heavy,Razer Huntsman V2,Logitech G Pro X Headset,ZOWIE XL2540,SteelSeries,Razer,Logitech,ZOWIE
kRYSTAL,SteelSeries QcK Heavy,QPAD MK-80,HyperX Cloud II,ZOWIE XL2546,SteelSeries,QPAD,HyperX,ZOWIE
kRaSnaL,Razer Gigantus V2,Razer Huntsman V2 TKL,Razer BlackShark V2,ZOWIE XL2546K,Razer,Razer,Razer,ZOWIE
kabal,ZOWIE GTF-X,Razer Huntsman Mini,HyperX Cloud II,ZOWIE XL2546K,ZOWIE,Razer,HyperX,ZOWIE
karrigan,SteelSeries QcK Heavy,SteelSeries Apex Pro Mini,SteelSeries Arctis Pro White,ZOWIE XL2540,SteelSeries,SteelSeries,SteelSeries,ZOWIE
keiz,ZOWIE G-SR,HyperX Alloy Origins,HyperX Cloud Alpha,ZOWIE XL2546K,ZOWIE,HyperX,HyperX,ZOWIE
keloqz,Logitech G640,Logitech G512,Logitech G Pro X Wireless Headset,ZOWIE XL2546K,Logitech,Logitech,Logitech,ZOWIE
kennyS,Flicks kennyS,Logitech G513,Logitech G Pro X Wireless Headset,ZOWIE XL2546,Flicks,Logitech,Logitech,ZOWIE
keznit,ZOWIE G-SR,Razer Huntsman Mini,HyperX Cloud II Wireless,ZOWIE XL2546K,ZOWIE,Razer,HyperX,ZOWIE
kiNgg,Lethal Gaming Gear Saturn,Varmilo VA87M Beijing Opera,HyperX Cloud II Gun Metal,ASUS TUF VG258QM,Lethal,Varmilo,HyperX,ASUS
kinqie,ZOWIE G-SR-SE Red,ASUS ROG Claymore,HyperX Cloud II,ZOWIE XL2546,ZOWIE,ASUS,HyperX,ZOWIE
koldamenta,Logitech G640,Logitech G512,Logitech G Pro X Headset,ASUS ROG XG258Q,Logitech,Logitech,Logitech,ASUS
kolor,unknown,Xtrfy K4 RGB,Sennheiser GSP 600,ZOWIE XL2540,unknown,Xtrfy,Sennheiser,ZOWIE
kory,Logitech G640,unknown,unknown,ZOWIE XL2546K,Logitech,unknown,unknown,ZOWIE
kreaz,SteelSeries QcK Heavy,Xtrfy K2 RGB White,HyperX Cloud II,ZOWIE XL2546,SteelSeries,Xtrfy,HyperX,ZOWIE
kressy,ZOWIE G-SR,Ducky One 2,Sennheiser GSP 600,ZOWIE XL2546,ZOWIE,Ducky,Sennheiser,ZOWIE
kscerato,SteelSeries QcK Heavy,HyperX Alloy Origins,HyperX Cloud Orbit,ZOWIE XL2546K,SteelSeries,HyperX,HyperX,ZOWIE
kst,Fnatic DASH,Fnatic miniSTREAK,Fnatic REACT+,ZOWIE XL2546K,Fnatic,Fnatic,Fnatic,ZOWIE
kyuubii,Endgame Gear MPJ450 Sprout,Logitech G Pro X Keyboard,EPOS GSP 500,ZOWIE XL2546K,Endgame,Logitech,EPOS,ZOWIE
kyxsan,VAXEE PA ZYGEN,HyperX Alloy Origins Core,Logitech G Pro X Headset,ZOWIE XL2546K,VAXEE,HyperX,Logitech,ZOWIE
latto,Logitech G640,HyperX Alloy Origins,HyperX Cloud II,ZOWIE XL2546,Logitech,HyperX,HyperX,ZOWIE
lauNX,Logitech G640,Logitech G915 TKL,Logitech G Pro X Headset,ZOWIE XL2546K,Logitech,Logitech,Logitech,ZOWIE
leaf,Logitech G640,HyperX Alloy Origins Core,HyperX Cloud II,ZOWIE XL2546,Logitech,HyperX,HyperX,ZOWIE
leman,Razer Gigantus V2,Razer Huntsman V2 TKL,Razer BlackShark V2 Pro,ZOWIE XL2546K,Razer,Razer,Razer,ZOWIE
leo_drk,VAXEE PA FunSpark,HyperX Alloy Origins Core,HyperX Cloud Orbit S,ZOWIE XL2540,VAXEE,HyperX,HyperX,ZOWIE
letw1k3,ZOWIE G-SR-SE Deep Blue,SteelSeries Apex Pro TKL,HyperX Cloud II,ZOWIE XL2546,ZOWIE,SteelSeries,HyperX,ZOWIE
lollipop21k,SteelSeries QcK Heavy,Varmilo VA87M Summit,Sennheiser GSP 600,ZOWIE XL2540,SteelSeries,Varmilo,Sennheiser,ZOWIE
lowel,Gamesense Radar,Razer Huntsman V2 TKL,Logitech G Pro X Wireless Headset,ZOWIE XL2546,Gamesense,Razer,Logitech,ZOWIE
lux,X-raypad Aqua Control+,Razer Huntsman Mini,Fallen Morcego Preto,ZOWIE XL2546K,X-raypad,Razer,Fallen,ZOWIE
lyr1c,ZOWIE G-SR-SE,Ducky One 2 Mini Pure White,Bose QuietComfort 20,ZOWIE XL2546,ZOWIE,Ducky,Bose,ZOWIE
m0NESY,SteelSeries QcK Heavy,Logitech G715,Logitech G Pro X Headset,ZOWIE XL2546 Divina Blue,SteelSeries,Logitech,Logitech,ZOWIE
mL7,Corsair MM500,Corsair K70 RGB MK.2,unknown,ZOWIE XL2546K,Corsair,Corsair,unknown,ZOWIE
maNkz,unknown,unknown,unknown,ZOWIE XL2546K,unknown,unknown,unknown,ZOWIE
maden,VAXEE PA ZYGEN,Logitech G915 TKL,HyperX Cloud II,ZOWIE XL2546,VAXEE,Logitech,HyperX,ZOWIE
magixx,Zowie G-SR-SE Rouge,Varmilo VA87M Summit,HyperX Cloud Alpha S,ZOWIE XL2546K,Zowie,Varmilo,HyperX,ZOWIE
malbsMd,VAXEE PA FunSpark,Corsair STRAFE,HyperX Cloud II,ZOWIE XL2546K,VAXEE,Corsair,HyperX,ZOWIE
malta,ZOWIE G-SR,Xtrfy K2 RGB,HyperX Cloud II,ZOWIE XL2546K,ZOWIE,Xtrfy,HyperX,ZOWIE
mantuu,SteelSeries QcK+,SteelSeries Apex Pro,HyperX Cloud II,ZOWIE XL2546,SteelSeries,SteelSeries,HyperX,ZOWIE
maty,unknown,unknown,Logitech G Pro X Headset,unknown,unknown,unknown,Logitech,unknown
matys,unknown,unknown,unknown,ZOWIE XL2546K,unknown,unknown,unknown,ZOWIE
max,HyperX Fury S Speed Edition,unknown,unknown,ZOWIE XL2546K,HyperX,unknown,unknown,ZOWIE
mds,Logitech G640,Logitech G Pro X Keyboard,Logitech G Pro X Headset,ZOWIE XL2546K,Logitech,Logitech,Logitech,ZOWIE
mertz,SteelSeries QcK Heavy,SteelSeries Apex M750 TKL,HyperX Cloud II,ZOWIE XL2546K,SteelSeries,SteelSeries,HyperX,ZOWIE
meyern,ZOWIE G-SR,Razer BlackWidow V3 TKL,HyperX Cloud II,ZOWIE XL2546,ZOWIE,Razer,HyperX,ZOWIE
mezii,ZOWIE G-SR-SE,HyperX Alloy Origins Core,Sennheiser GAME ZERO,ZOWIE XL2546,ZOWIE,HyperX,Sennheiser,ZOWIE
mhL,Razer Goliathus Speed Cosmic,Razer BlackWidow V3 Pro,Razer BlackShark V2 Pro,ZOWIE XL2546K,Razer,Razer,Razer,ZOWIE
mimi,Logitech G640,Logitech G512,Logitech G Pro X Wireless Headset,AOC AG254FG,Logitech,Logitech,Logitech,AOC
mindfreak,VAXEE PA Summer22,HyperX Alloy Origins Core,unknown,ZOWIE XL2546K,VAXEE,HyperX,unknown,ZOWIE
mir,SteelSeries QcK Heavy,Ducky One 2 TKL White,HyperX Cloud II,ZOWIE XL2546K,SteelSeries,Ducky,HyperX,ZOWIE
mirbit,SteelSeries QcK Heavy,Ducky One 2 TKL,SteelSeries Arctis Pro,ZOWIE XL2546K,SteelSeries,Ducky,SteelSeries,ZOWIE
misutaaa,VAXEE PA Summer22,Razer Huntsman V2,Corsair HS80,ZOWIE XL2546K,VAXEE,Razer,Corsair,ZOWIE
mitch,HyperX Fury S Pro,Ducky One 2 Mini,Razer BlackShark V2 Pro,ZOWIE XL2540,HyperX,Ducky,Razer,ZOWIE
mixwell,Logitech G640,Logitech G Pro X Keyboard,Logitech G Pro X Headset,AOC AG251FZ2E,Logitech,Logitech,Logitech,AOC
mopoz,ZOWIE G-SR-SE Deep Blue,HyperX Alloy FPS,HyperX Cloud II,ZOWIE XL2546K,ZOWIE,HyperX,HyperX,ZOWIE
morelz,ZOWIE G-SR-SE Divina Blue,Logitech G513,Sennheiser GAME ZERO,ZOWIE XL2540,ZOWIE,Logitech,Sennheiser,ZOWIE
motm,ZOWIE G-SR,HyperX Alloy FPS,Sennheiser GAME ZERO,ZOWIE XL2546,ZOWIE,HyperX,Sennheiser,ZOWIE
mou,SteelSeries QcK Heavy,Logitech G Pro X Keyboard,Logitech G Pro X Headset,ZOWIE XL2540,SteelSeries,Logitech,Logitech,ZOWIE
mouz,unknown,unknown,Sennheiser PC 360,ZOWIE XL2540,unknown,unknown,Sennheiser,ZOWIE
mwlky,Razer Gigantus V2,Logitech G Pro X Keyboard,HyperX Cloud II,ZOWIE XL2546K,Razer,Logitech,HyperX,ZOWIE
mwzera,SteelSeries QcK Heavy,HyperX Alloy FPS Pro,Fallen Morcego Preto,ZOWIE XL2546K,SteelSeries,HyperX,Fallen,ZOWIE
n0rb3r7,VAXEE PA FunSpark V2,Xtrfy K4 TKL RGB White,HyperX Cloud Alpha,ZOWIE XL2546K,VAXEE,Xtrfy,HyperX,ZOWIE
n0thing,SteelSeries QcK Heavy,HyperX Alloy Elite,Logitech G Pro X Headset Shroud Edition,Alienware AW2521H,SteelSeries,HyperX,Logitech,Alienware
nAts,ZOWIE G-SR,Razer Huntsman V2 TKL,HyperX Cloud Alpha S,ZOWIE XL2546K,ZOWIE,Razer,HyperX,ZOWIE
nafany,VAXEE PA Summer22,SteelSeries Apex Pro TKL,HyperX Cloud Alpha S,ZOWIE XL2546,VAXEE,SteelSeries,HyperX,ZOWIE
nafen,Artisan Ninja FX Zero Soft,Custom Keyboard,Apple EarPods,ZOWIE XL2546K,Artisan,Custom,Apple,ZOWIE
nawwk,ZOWIE G-SR,HyperX Alloy FPS RGB,Logitech G Pro X Headset,ZOWIE XL2546,ZOWIE,HyperX,Logitech,ZOWIE
neT,Logitech G640,Anne Pro 2,HyperX Cloud II,ZOWIE XL2546,Logitech,Anne,HyperX,ZOWIE
neaLaN,VAXEE PA FunSpark,Razer Huntsman V2 TKL,HyperX Cloud II,ZOWIE XL2546,VAXEE,Razer,HyperX,ZOWIE
nexa,VAXEE PA Black,Logitech G Pro X Keyboard,Logitech G Pro X Wireless Headset,ZOWIE XL2546,VAXEE,Logitech,Logitech,ZOWIE
ngiN,VAXEE PA Summer22,Razer BlackWidow V3 Pro,HyperX Cloud II,ZOWIE XL2540,VAXEE,Razer,HyperX,ZOWIE
nicoodoz,Fnatic DASH,Xtrfy K5 Compact RGB,HyperX Cloud II Gun Metal,ZOWIE XL2546 Divina Blue,Fnatic,Xtrfy,HyperX,ZOWIE
niko,SteelSeries QcK Heavy,Xtrfy K2 RGB,SteelSeries Arctis Pro,ZOWIE XL2546,SteelSeries,Xtrfy,SteelSeries,ZOWIE
nin9,SteelSeries QcK Heavy,HyperX Alloy Origins Core,HyperX Cloud Alpha,ZOWIE XL2546K,SteelSeries,HyperX,HyperX,ZOWIE
nitr0,VAXEE PA Winter 21,Custom Keyboard,HyperX Cloud II Wireless,ZOWIE XL2546K,VAXEE,Custom,HyperX,ZOWIE
npl,Logitech G640,Logitech G Pro X Keyboard,Logitech G Pro X Headset,ZOWIE XL2546K,Logitech,Logitech,Logitech,ZOWIE
nqz,ZOWIE G-SR,HyperX Alloy FPS Pro,Logitech G Pro X Headset,ZOWIE XL2546,ZOWIE,HyperX,Logitech,ZOWIE
nukkye,Logitech G640,Logitech G Pro X Keyboard,Logitech G Pro X Headset,AOC AG251FZ2E,Logitech,Logitech,Logitech,AOC
nyhrox,SteelSeries QcK Heavy,SteelSeries Apex Pro TKL,Logitech G Pro X Headset,Alienware AW2518H,SteelSeries,SteelSeries,Logitech,Alienware
nython,ZOWIE G-SR-SE Deep Blue,HyperX Alloy FPS,unknown,ZOWIE XL2546K,ZOWIE,HyperX,unknown,ZOWIE
oBo,SteelSeries QcK Heavy,HyperX Alloy FPS Pro,HyperX Cloud II,ZOWIE XL2546,SteelSeries,HyperX,HyperX,ZOWIE
oSee,Lethal Gaming Gear Saturn,Glorious GMMK Pro,beyerdynamic DT 1990 PRO,ZOWIE XL2546,Lethal,Glorious,beyerdynamic,ZOWIE
olofmeister,SteelSeries QcK Heavy,SteelSeries Apex Pro,SteelSeries Arctis Pro White,ZOWIE XL2546K,SteelSeries,SteelSeries,SteelSeries,ZOWIE
ops,Logitech G640,Logitech G Pro Keyboard,Logitech G Pro X Headset,Alienware AW2518H,Logitech,Logitech,Logitech,Alienware
oskar,VAXEE PA Winter 21,Cooler Master Storm Rapid-I,Sennheiser GAME ZERO,ZOWIE XL2546,VAXEE,Cooler,Sennheiser,ZOWIE
ottoNd,ZOWIE G-SR-SE Divina Blue,Logitech G513,Sennheiser PC 350,ZOWIE XL2540,ZOWIE,Logitech,Sennheiser,ZOWIE
pANcada,VAXEE PA FunSpark,Logitech G915 TKL,HyperX Cloud II,ZOWIE XL2546,VAXEE,Logitech,HyperX,ZOWIE
pAura,HyperX Fury S Pro,HyperX Alloy FPS Pro,Logitech G Pro X Wireless Headset,ZOWIE XL2546,HyperX,HyperX,Logitech,ZOWIE
paTiTek,Logitech G640,Logitech G Pro X Keyboard,Logitech G Pro X Headset,AOC AG251FZ2E,Logitech,Logitech,Logitech,AOC
pashaBiceps,SteelSeries QcK Heavy,SteelSeries Apex Pro,SteelSeries Arctis Pro White,ZOWIE XL2546K,SteelSeries,SteelSeries,SteelSeries,ZOWIE
paz,Zowie G-SR-SE Rouge,HyperX Alloy FPS,HyperX Cloud II,ZOWIE XL2546K,Zowie,HyperX,HyperX,ZOWIE
pesadelo,VAXEE PA ZYGEN,SteelSeries Apex Pro,HyperX Cloud Alpha,ZOWIE XL2546K,VAXEE,SteelSeries,HyperX,ZOWIE
phaze,ZOWIE G-SR-SE,Razer Huntsman V2 TKL,HyperX Cloud Alpha,ZOWIE XL2546K,ZOWIE,Razer,HyperX,ZOWIE
phr,ZOWIE G-SR-SE,Logitech G915 TKL,Logitech G Pro X Headset,ZOWIE XL2546,ZOWIE,Logitech,Logitech,ZOWIE
phzy,SteelSeries QcK Heavy,HyperX Alloy FPS,HyperX Cloud II,ASUS ROG SWIFT PG259QN,SteelSeries,HyperX,HyperX,ASUS
poizon,Logitech G640,Logitech G Pro X Keyboard,Logitech G Pro X Headset,ZOWIE XL2546K,Logitech,Logitech,Logitech,ZOWIE
prt,SteelSeries QcK Heavy,SteelSeries Apex Pro,EPOS GSP 500,ZOWIE XL2546K,SteelSeries,SteelSeries,EPOS,ZOWIE
psalm,Artisan FX Hien Soft,unknown,unknown,ZOWIE XL2546K,Artisan,unknown,unknown,ZOWIE
pyth,Logitech G640,Logitech G Pro X Keyboard,Logitech G Pro X Headset,AOC AG251FZ2E,Logitech,Logitech,Logitech,AOC
rAge,Xtrfy GP1,Razer BlackWidow X Chroma Mercury,HyperX Cloud II,ZOWIE XL2546 Divina Blue,Xtrfy,Razer,HyperX,ZOWIE
raalz,unknown,unknown,unknown,ZOWIE XL2546K,unknown,unknown,unknown,ZOWIE
rain,SteelSeries QcK Heavy,SteelSeries Apex Pro TKL,SteelSeries Arctis Prime,ZOWIE XL2540,SteelSeries,SteelSeries,SteelSeries,ZOWIE
rallen,ZOWIE G-SR,Razer BlackWidow Chroma V2,HyperX Cloud Alpha,ZOWIE XL2540,ZOWIE,Razer,HyperX,ZOWIE
ramz1k,SteelSeries QcK Heavy,Razer BlackWidow X Chroma Mercury,HyperX Cloud Revolver S,ZOWIE XL2546,SteelSeries,Razer,HyperX,ZOWIE
realzin,SteelSeries QcK Heavy,HyperX Alloy FPS Pro,HyperX Cloud II,ZOWIE XL2546K,SteelSeries,HyperX,HyperX,ZOWIE
refrezh,ZOWIE G-SR,HyperX Alloy FPS,Turtle Beach Elite Atlas Pro,ZOWIE XL2546K,ZOWIE,HyperX,Turtle,ZOWIE
regali,Razer Gigantus V2,Razer Huntsman V2,Razer BlackShark V2 Pro,ZOWIE XL2546K,Razer,Razer,Razer,ZOWIE
rhyme,ZOWIE G-SR-SE Deep Blue,Xtrfy K4 TKL RGB,HyperX Cloud II,ZOWIE XL2546,ZOWIE,Xtrfy,HyperX,ZOWIE
rigoN,VAXEE PA FunSpark,Corsair K63,HyperX Cloud II Gun Metal,ZOWIE XL2546K,VAXEE,Corsair,HyperX,ZOWIE
rmn,SteelSeries QcK Heavy,unknown,HyperX Cloud II,ZOWIE XL2546K,SteelSeries,unknown,HyperX,ZOWIE
rocker,Logitech G640,Razer Huntsman Mini,unknown,ASUS VG248QE,Logitech,Razer,unknown,ASUS
roeJ,Razer Gigantus V2,Fnatic STREAK65 LP,Razer BlackShark V2 Pro,ZOWIE XL2546K,Razer,Fnatic,Razer,ZOWIE
ropz,SteelSeries QcK Heavy,Razer Huntsman V2 TKL,SteelSeries Arctis Pro White,ZOWIE XL2546K,SteelSeries,Razer,SteelSeries,ZOWIE
rox,ZOWIE G-SR,HyperX Alloy FPS,HyperX Cloud II,ZOWIE XL2546K,ZOWIE,HyperX,HyperX,ZOWIE
rpr,Artisan Ninja FX Zero Mid,Logitech G Pro Keyboard,Bose QuietComfort 20,Acer Predator XB272,Artisan,Logitech,Bose,Acer
ryujehong,SteelSeries QcK Heavy,Logitech G Pro Keyboard,Bose QuietComfort 20,ZOWIE XL2540,SteelSeries,Logitech,Bose,ZOWIE
s0m,SteelSeries QcK Large,Logitech G915,ROG Delta S Core,ZOWIE XL2546,SteelSeries,Logitech,ROG,ZOWIE
s1mple,Logitech G640 Black,Logitech G915 TKL White,Logitech G Pro X Headset,ZOWIE XL2546K,Logitech,Logitech,Logitech,ZOWIE
s1n,Corsair MM350 Champion Series,Ducky One 2 Mini Pure White,Corsair Void Pro,ZOWIE XL2546K,Corsair,Ducky,Corsair,ZOWIE
s1ren,VAXEE PA P22,Logitech G Pro X Keyboard,unknown,ZOWIE XL2546K,VAXEE,Logitech,unknown,ZOWIE
sLowi,VAXEE PA OUTSET,Logitech G Pro X Keyboard,HyperX Cloud II,ASUS ROG SWIFT PG259QN,VAXEE,Logitech,HyperX,ASUS
sScary,ZOWIE G-SR,Logitech G Pro X Keyboard,HyperX Cloud Alpha S,ZOWIE XL2546K,ZOWIE,Logitech,HyperX,ZOWIE
saffee,ZOWIE G-SR,Wooting 60 HE,JBL Quantum One,ZOWIE XL2546K,ZOWIE,Wooting,JBL,ZOWIE
sausol,Razer Gigantus V2,unknown,unknown,ZOWIE XL2546K,Razer,unknown,unknown,ZOWIE
sdy,Logitech G640,Logitech G Pro X Keyboard,Logitech G Pro X Headset,ZOWIE XL2546K,Logitech,Logitech,Logitech,ZOWIE
seangares,HyperX Fury S Pro,HyperX Alloy FPS,HyperX Cloud Alpha,ZOWIE XL2546,HyperX,HyperX,HyperX,ZOWIE
seb,Artisan Ninja FX Zero Soft,SteelSeries Apex Pro TKL,Sennheiser GAME ONE,ZOWIE XL2540K,Artisan,SteelSeries,Sennheiser,ZOWIE
seized,Logitech G640,Logitech G Pro X Keyboard,Logitech G Pro X Headset,ZOWIE XL2546,Logitech,Logitech,Logitech,ZOWIE
sergej,Logitech G640,Logitech G915 TKL,Logitech G Pro X Headset,ASUS ROG SWIFT PG259QN,Logitech,Logitech,Logitech,ASUS
sh1ro,ZOWIE G-SR,Logitech G915 TKL White,Logitech G Pro X Headset,ZOWIE XL2546K,ZOWIE,Logitech,Logitech,ZOWIE
shalfey,SteelSeries QcK Heavy,HyperX Alloy FPS,HyperX Cloud Alpha S,ZOWIE XL2546 Divina Blue,SteelSeries,HyperX,HyperX,ZOWIE
shinobi,SteelSeries QcK Heavy,Corsair K65 TKL,HyperX Cloud II,ZOWIE XL2546,SteelSeries,Corsair,HyperX,ZOWIE
shokz,VAXEE PA ZYGEN,Ducky One 2 TKL,Logitech G Pro X Headset,ZOWIE XL2546K,VAXEE,Ducky,Logitech,ZOWIE
shox,Corsair MM350 Champion Series,Razer Huntsman V2,Corsair HS80,ZOWIE XL2546K,Corsair,Razer,Corsair,ZOWIE
shroud,Logitech G840 Shroud Edition,Logitech G Pro X Keyboard Shroud Edition,Logitech G Pro X Headset Shroud Edition,ASUS ROG Swift PG27AQN,Logitech,Logitech,Logitech,ASUS
shz,SteelSeries QcK Heavy,HyperX Alloy FPS,HyperX Cloud II,ZOWIE XL2546,SteelSeries,HyperX,HyperX,ZOWIE
sinatraa,Logitech G640,Matrix x sinatraa Keyboard,JBL Quantum One,HP OMEN 24.5″,Logitech,Matrix,JBL,HP
sinnopsyy,Zowie G-SR-SE Rouge,Logitech G Pro X Keyboard,HyperX Cloud II,ZOWIE XL2546,Zowie,Logitech,HyperX,ZOWIE
siuhy,Razer Gigantus V2,Razer Huntsman Mini,Razer BlackShark V2,ZOWIE XL2546K,Razer,Razer,Razer,ZOWIE
sjuush,Zowie G-SR-SE Rouge,Xtrfy K4 TKL RGB,HyperX Cloud II,ZOWIE XL2546K,Zowie,Xtrfy,HyperX,ZOWIE
sk0R,SteelSeries QcK Heavy,Logitech G Pro X Keyboard,HyperX Cloud II,ZOWIE XL2546K,SteelSeries,Logitech,HyperX,ZOWIE
skullz,SteelSeries QcK Heavy,Logitech G Pro X Keyboard,HyperX Cloud Alpha,ZOWIE XL2546K,SteelSeries,Logitech,HyperX,ZOWIE
skywhywalker,unknown,Varmilo VA87M Beijing Opera,Logitech G Pro X Wireless Headset,ZOWIE XL2546K,unknown,Varmilo,Logitech,ZOWIE
slaxz,Endgame Gear MPJ450 Sprout,Ducky One 2,Sennheiser GAME ZERO,ZOWIE XL2546,Endgame,Ducky,Sennheiser,ZOWIE
smooya,SteelSeries QcK+,Logitech G Pro X Keyboard,HyperX Cloud II,ZOWIE XL2540,SteelSeries,Logitech,HyperX,ZOWIE
snatchie,ZOWIE G-SR-SE Dark Grey,Ozone Gaming Strike Battle,Sennheiser GSP 600,ZOWIE XL2546,ZOWIE,Ozone,Sennheiser,ZOWIE
somebody,ZOWIE G-SR-SE TyLoo Edition,SteelSeries Apex Pro,HyperX Cloud Flight,ZOWIE XL2546K,ZOWIE,SteelSeries,HyperX,ZOWIE
soulcas,SteelSeries QcK Heavy,Custom Keyboard,HyperX Cloud II,Alienware AW2521H,SteelSeries,Custom,HyperX,Alienware
speed4k,ZOWIE G-SR-SE Dark Grey,HyperX Alloy Elite,HyperX Cloud II,ZOWIE XL2546,ZOWIE,HyperX,HyperX,ZOWIE
stadodo,Corsair MM200,Logitech G Pro X Keyboard,HyperX Cloud II,ZOWIE XL2546K,Corsair,Logitech,HyperX,ZOWIE
stanislaw,ZOWIE G-SR,HyperX Alloy FPS,Razer Kraken Pro V2,ZOWIE XL2546,ZOWIE,HyperX,Razer,ZOWIE
starxo,Xtrfy GP4 Street Blue,Logitech G Pro X Keyboard,HyperX Cloud II,ASUS ROG STRIX XG248Q,Xtrfy,Logitech,HyperX,ASUS
stavn,SteelSeries QcK Heavy,SteelSeries Apex Pro TKL,HyperX Cloud II,ZOWIE XL2546K,SteelSeries,SteelSeries,HyperX,ZOWIE
stax,SteelSeries QcK Heavy,Razer Huntsman V2 TKL,Razer BlackShark V2 Pro,ZOWIE XL2546S,SteelSeries,Razer,Razer,ZOWIE
steel,SteelSeries QcK Heavy,Logitech G915 TKL,Logitech G Pro X Headset,ZOWIE XL2546,SteelSeries,Logitech,Logitech,ZOWIE
stellar,ZOWIE G-SR,Ducky One 3 TKL Matcha,HyperX Cloud II,ZOWIE XL2546,ZOWIE,Ducky,HyperX,ZOWIE
sterling,ZOWIE G-SR-SE Red,Logitech G Pro Keyboard,Sennheiser HD 660S,ZOWIE XL2540,ZOWIE,Logitech,Sennheiser,ZOWIE
stfN,ZOWIE G-SR-SE Deep Blue,Sharkoon Skiller SGK3,beyerdynamic MMX 300,ZOWIE XL2540,ZOWIE,Sharkoon,beyerdynamic,ZOWIE
stormen,SteelSeries QcK XXL,Ducky One 2 TKL,unknown,ASUS ROG SWIFT PG258Q,SteelSeries,Ducky,unknown,ASUS
suNny,VAXEE PA ZYGEN,Logitech G Pro Keyboard,Logitech G Pro X Headset,ASUS ROG SWIFT PG259QN,VAXEE,Logitech,Logitech,ASUS
summit1g,Corsair MM500,Corsair K70 RGB MK.2,Audio-Technica ATH-AD700X,Samsung Odyssey G7,Corsair,Corsair,Audio-Technica,Samsung
supra,SteelSeries QcK Heavy,Logitech G915 TKL,HyperX Cloud II,ZOWIE XL2546K,SteelSeries,Logitech,HyperX,ZOWIE
sushiboys,ZOWIE G-SR,Glorious GMMK Pro,Logitech G Pro X Headset,ZOWIE XL2546K,ZOWIE,Glorious,Logitech,ZOWIE
svyat,SteelSeries QcK Heavy,ASUS ROG Claymore,HyperX Cloud II,ZOWIE XL2546,SteelSeries,ASUS,HyperX,ZOWIE
sycrone,SteelSeries QcK Heavy,HyperX Alloy FPS,HyperX Cloud II,ZOWIE XL2546K,SteelSeries,HyperX,HyperX,ZOWIE
syrsoN,ZOWIE G-SR,HyperX Alloy FPS,Corsair Virtuoso White,ZOWIE XL2546,ZOWIE,HyperX,Corsair,ZOWIE
szejn,Razer Gigantus V2,Razer Huntsman TE,Razer BlackShark V2,ZOWIE XL2546K,Razer,Razer,Razer,ZOWIE
t0rick,ZOWIE G-SR-SE Red,Corsair K70 RGB,HyperX Cloud II,ZOWIE XL2546,ZOWIE,Corsair,HyperX,ZOWIE
tabseN,Corsair MM250,Corsair K63,Corsair Void Pro White,ASUS ROG SWIFT PG259QN,Corsair,Corsair,Corsair,ASUS
tarik,Lethal Gaming Gear Saturn Pro Red,HyperX Alloy Origins 60,beyerdynamic DT 990 Pro,ZOWIE XL2546K,Lethal,HyperX,beyerdynamic,ZOWIE
tenzki,ZOWIE G-SR-SE,Xtrfy K2 RGB,HyperX Cloud II,ZOWIE XL2546 Divina Blue,ZOWIE,Xtrfy,HyperX,ZOWIE
timthetatman,HyperX Fury S Pro,Razer Huntsman Elite,HyperX Cloud Alpha,LG ULTRAGEAR 27GN750-B,HyperX,Razer,HyperX,LG
tiziaN,Corsair MM350 Champion Series,Corsair K70 RGB MK.2,Corsair Void RGB Elite White,ZOWIE XL2540,Corsair,Corsair,Corsair,ZOWIE
togs,ZOWIE G-SR-SE,SteelSeries Apex Pro TKL,unknown,ZOWIE XL2546K,ZOWIE,SteelSeries,unknown,ZOWIE
torzsi,Razer Gigantus V2,Razer BlackWidow V3 TKL,Razer BlackShark V2,ZOWIE XL2546,Razer,Razer,Razer,ZOWIE
trent,Zowie G-SR-SE Rouge,Redragon K522 TKL White,HyperX Cloud II,ZOWIE XL2546,Zowie,Redragon,HyperX,ZOWIE
trexx,Esports Tiger LongTeng,Anne Pro 2,HyperX Cloud Alpha S,ZOWIE XL2546K,Esports,Anne,HyperX,ZOWIE
trk,Artisan Hayate Otsu XSoft,HyperX Alloy Origins Core,HyperX Cloud Alpha,ZOWIE XL2540,Artisan,HyperX,HyperX,ZOWIE
try,ZOWIE G-SR-SE Deep Blue,Xtrfy K2 RGB White,Logitech G Pro X Headset,ZOWIE XL2546K,ZOWIE,Xtrfy,Logitech,ZOWIE
tudsoN,VAXEE PA OUTSET,Logitech G915 TKL,HyperX Cloud II Wireless,ZOWIE XL2546,VAXEE,Logitech,HyperX,ZOWIE
tuyz,Artisan Ninja FX Zero XSoft,Logitech G Pro X Keyboard,HyperX Cloud II,ZOWIE XL2546K,Artisan,Logitech,HyperX,ZOWIE
twist,Logitech G640,Logitech G915 TKL,Logitech G Pro X Headset,ZOWIE XL2546,Logitech,Logitech,Logitech,ZOWIE
ubah,SteelSeries QcK Heavy,SteelSeries Apex Pro,SteelSeries Arctis Pro,ZOWIE XL2546,SteelSeries,SteelSeries,SteelSeries,ZOWIE
ultimate,Razer Gigantus V2,Razer Huntsman V2 TKL,Razer BlackShark V2 Pro White,ZOWIE XL2546K,Razer,Razer,Razer,ZOWIE
v1c7oR,Logitech G640,Logitech G512,Logitech G Pro X Headset,ZOWIE XL2546K,Logitech,Logitech,Logitech,ZOWIE
valyn,Logitech G640,Razer Huntsman TE,Logitech G Pro X Headset,ZOWIE XL2546,Logitech,Razer,Logitech,ZOWIE
vanity,Logitech G640,HyperX Alloy FPS,HyperX Cloud II,ZOWIE XL2546,Logitech,HyperX,HyperX,ZOWIE
vice,HyperX Fury S Speed Edition,Logitech G915 TKL,HyperX Cloud Revolver S,ZOWIE XL2546,HyperX,Logitech,HyperX,ZOWIE
volx,ZOWIE G-SR-SE,SteelSeries Apex Pro,Sennheiser PC38X,ASUS ROG SWIFT PG258Q,ZOWIE,SteelSeries,Sennheiser,ASUS
vsm,VAXEE PA FunSpark,Razer Huntsman Mini,Logitech G Pro X Headset,ZOWIE XL2546,VAXEE,Razer,Logitech,ZOWIE
w0nderful,ZOWIE G-SR-SE Deep Blue,Logitech G915 TKL,Logitech G Pro X Headset,ZOWIE XL2546K,ZOWIE,Logitech,Logitech,ZOWIE
waterfaLLZ,unknown,Razer Blackwidow TE,Sennheiser GSP 600,ZOWIE XL2546,unknown,Razer,Sennheiser,ZOWIE
wippie,Artisan Ninja FX Zero XSoft,HyperX Alloy Origins,Logitech G Pro X Wireless Headset,ZOWIE XL2546K,Artisan,HyperX,Logitech,ZOWIE
wiz,HyperX Fury S Pro,Logitech G Pro X Keyboard,HyperX Cloud II,ZOWIE XL2546K,HyperX,Logitech,HyperX,ZOWIE
woxic,Razer Gigantus Elite,Cooler Master CK550 V2,Razer Kraken Green,ZOWIE XL2546,Razer,Cooler,Razer,ZOWIE
xQc,SteelSeries QcK Heavy,SteelSeries Apex Pro TKL,HyperX Cloud II,ASUS ROG SWIFT PG259QN,SteelSeries,SteelSeries,HyperX,ASUS
xccurate,SteelSeries QcK+,Logitech G Pro X Keyboard,Logitech G Pro X Wireless Headset,ZOWIE XL2546,SteelSeries,Logitech,Logitech,ZOWIE
xertioN,Razer Gigantus V2,Razer BlackWidow V3 Pro,Razer BlackShark V2,ZOWIE XL2546K,Razer,Razer,Razer,ZOWIE
xeta,HyperX Fury S Pro,HyperX Alloy FPS Pro,Sennheiser GAME ZERO,ZOWIE XL2546,HyperX,HyperX,Sennheiser,ZOWIE
xfl0ud,Logitech G640,Logitech G915 TKL,Logitech G Pro X Wireless Headset,ZOWIE XL2546K,Logitech,Logitech,Logitech,ZOWIE
xmpl,Logitech G640,Logitech G Pro X Keyboard,unknown,ZOWIE XL2546,Logitech,Logitech,unknown,ZOWIE
xms,Logitech G640,Ducky One 2,HyperX Cloud II,ZOWIE XL2540,Logitech,Ducky,HyperX,ZOWIE
xns,HyperX Fury S Pro,HyperX Alloy FPS Pro,HyperX Cloud Revolver S,ZOWIE XL2546K,HyperX,HyperX,HyperX,ZOWIE
xsepower,ZOWIE G-SR,SteelSeries Apex M750,HyperX Cloud Alpha,ZOWIE XL2546,ZOWIE,SteelSeries,HyperX,ZOWIE
xseveN,Logitech G640,Ducky One 2 TKL,Logitech G Pro X Headset,ASUS ROG SWIFT PG259QN,Logitech,Ducky,Logitech,ASUS
yay,Artisan Hayate Otsu XSoft,Wooting 60 HE,HyperX Cloud II,ZOWIE XL2546,Artisan,Wooting,HyperX,ZOWIE
yel,Logitech G640,Razer Huntsman Elite,HyperX Cloud II,ZOWIE XL2546,Logitech,Razer,HyperX,ZOWIE
yuurih,HyperX Fury S Pro,HyperX Alloy Elite 2,HyperX Cloud Orbit,ZOWIE XL2546K,HyperX,HyperX,HyperX,ZOWIE
z4kr,Zowie G-SR-SE Rouge,unknown,HyperX Cloud II Gun Metal,ZOWIE XL2546K,Zowie,unknown,HyperX,ZOWIE
zehN,Logitech G640,Corsair K70 RGB,HyperX Cloud II,ZOWIE XL2546,Logitech,Corsair,HyperX,ZOWIE
zevy,ZOWIE G-SR-SE,Glorious GMMK TKL,HyperX Cloud Alpha S,ZOWIE XL2546K,ZOWIE,Glorious,HyperX,ZOWIE
zombs,Logitech G640,Ducky One 2 Mini,HyperX Cloud II,ZOWIE XL2540,Logitech,Ducky,HyperX,ZOWIE
zorte,VAXEE PB,Custom Keyboard,EPOS H3,ZOWIE XL2546K,VAXEE,Custom,EPOS,ZOWIE
ztr,SteelSeries QcK Heavy,Xtrfy K4 TKL RGB,Logitech G Pro X Headset,AOC AG251FZ,SteelSeries,Xtrfy,Logitech,AOC
